url,band_name,band_name_english
,กงล้อ,
,กรรมาชน,
,กรีนแอปเปิลส์ (Green Apples),Green Apples
,กรุงเทพมาราธอน (Krungthep Marathon),Krungthep Marathon
https://th.wikipedia.org/wiki/%E0%B8%81%E0%B8%A3%E0%B8%B9%E0%B9%8A%E0%B8%9F%E0%B9%84%E0%B8%A3%E0%B9%80%E0%B8%94%E0%B8%AD%E0%B8%A3%E0%B9%8C%E0%B8%AA,กรู๊ฟไรเดอร์ส (Groove Riders),Groove Riders
https://th.wikipedia.org/wiki/%E0%B8%81%E0%B8%A3%E0%B8%B9%E0%B9%8A%E0%B8%9F%E0%B8%A7%E0%B8%B5%E0%B9%88_%E0%B9%81%E0%B8%AD%E0%B8%A3%E0%B9%8C%E0%B9%84%E0%B8%A5%E0%B8%99%E0%B9%8C,กรู๊ฟวี่ แอร์ไลน์ (Groovy Airline),Groovy Airline
https://th.wikipedia.org/wiki/%E0%B8%81%E0%B8%A5%E0%B9%89%E0%B8%A7%E0%B8%A2%E0%B9%84%E0%B8%97%E0%B8%A2,กล้วยไทย (Kluay Thai),Kluay Thai
https://th.wikipedia.org/wiki/%E0%B8%81%E0%B8%AD%E0%B8%A5%E0%B9%8C%E0%B8%9F-%E0%B9%84%E0%B8%A1%E0%B8%84%E0%B9%8C,กอล์ฟ-ไมค์ (Golf-Mike),Golf-Mike
,กอหญ้า,
https://th.wikipedia.org/wiki/%E0%B8%81%E0%B8%B1%E0%B8%A1%E0%B8%9B%E0%B8%B0%E0%B8%99%E0%B8%B5,กัมปะนี,
https://th.wikipedia.org/wiki/%E0%B8%81%E0%B8%B0%E0%B8%97%E0%B9%89%E0%B8%AD%E0%B8%99,กะท้อน,
https://th.wikipedia.org/wiki/%E0%B8%81%E0%B8%B0%E0%B8%A5%E0%B8%B2_(%E0%B8%A7%E0%B8%87%E0%B8%94%E0%B8%99%E0%B8%95%E0%B8%A3%E0%B8%B5),กะลา,
,กางเกง,
,ก้านคอบอยส์,
,วง(การบันเทิง),การบันเทิง
,กาเนชา (Ganesha),Ganesha
https://th.wikipedia.org/wiki/%E0%B8%81%E0%B8%B2%E0%B8%A1%E0%B8%B4%E0%B8%81%E0%B8%B2%E0%B9%80%E0%B8%8B%E0%B9%88,กามิกาเซ่ (KamiKaze),KamiKaze
,กินรี,
,กู๊ด บอยส์ (Good Boys),Good Boys
https://th.wikipedia.org/wiki/%E0%B8%81%E0%B8%B9%E0%B8%94%E0%B9%80%E0%B8%8B%E0%B8%9B%E0%B9%80%E0%B8%97%E0%B8%A1%E0%B9%80%E0%B8%9A%E0%B8%AD%E0%B8%A3%E0%B9%8C,กูดเซปเทมเบอร์ (Good September),Good September
https://th.wikipedia.org/wiki/%E0%B9%80%E0%B8%81%E0%B9%87%E0%B8%95%E0%B8%AA%E0%B8%B6%E0%B9%82%E0%B8%99%E0%B8%A7%E0%B8%B2,เก็ตสึโนวา (Getsunova),Getsunova
https://th.wikipedia.org/wiki/%E0%B9%80%E0%B8%81%E0%B8%B4%E0%B8%A3%E0%B9%8C%E0%B8%A5_(%E0%B8%A7%E0%B8%87%E0%B8%94%E0%B8%99%E0%B8%95%E0%B8%A3%E0%B8%B5),เกิร์ล (Girl),Girl
,เกิร์ลฟอร์ซ (Girl Force),Girl Force
https://th.wikipedia.org/wiki/%E0%B9%80%E0%B8%81%E0%B8%B4%E0%B8%A3%E0%B9%8C%E0%B8%A5%E0%B8%A5%E0%B8%B5%E0%B9%80%E0%B8%9A%E0%B8%AD%E0%B8%A3%E0%B9%8C%E0%B8%A3%E0%B8%B5,เกิร์ลลีเบอร์รี (Girly Berry),Girly Berry
https://th.wikipedia.org/wiki/%E0%B9%80%E0%B8%81%E0%B8%B5%E0%B8%A2%E0%B8%A3%E0%B9%8C%E0%B9%84%E0%B8%99%E0%B8%95%E0%B9%8C,เกียร์ไนต์ (Gear Knight),Gear Knight
,แกงเนื้อ,
,แก๊งโฟร์ (Gang 4),Gang 4
,แก๊งปากซอย,
https://th.wikipedia.org/wiki/%E0%B9%81%E0%B8%81%E0%B8%A3%E0%B8%99%E0%B8%94%E0%B9%8C%E0%B9%80%E0%B8%AD%E0%B9%87%E0%B8%81%E0%B8%8B%E0%B9%8C,แกรนด์เอ็กซ์ (Grand Ex'),Grand Ex'
,กราวิตี้ (Gravity),Gravity
,โกแกง,
,โกรว์วิ่ง เพน (Growing Pain),Growing Pain
,ขอนแก่น,
,ขัดใจแม่,
,ข้าราชการคลาสสิก,
,ไข่เดือน,
,คณะดนตรีร่วมสมัย คณะมะขามป้อม,
,คณะมโหรีดนตรีสกา (The Superglasses Ska Ensemble),The Superglasses Ska Ensemble
,คนกันเอง,
,คนคู่,
https://th.wikipedia.org/wiki/%E0%B8%84%E0%B8%99%E0%B8%94%E0%B9%88%E0%B8%B2%E0%B8%99%E0%B9%80%E0%B8%81%E0%B8%A7%E0%B8%B5%E0%B8%A2%E0%B8%99,คนด่านเกวียน,
,คนมอ,
,คร็อคโคไดล์ จูเนียร์ (Crocodile Junior),Crocodile Junior
https://th.wikipedia.org/wiki/%E0%B8%84%E0%B8%A3%E0%B8%B1%E0%B8%9A_(%E0%B8%A7%E0%B8%87%E0%B8%94%E0%B8%99%E0%B8%95%E0%B8%A3%E0%B8%B5),ครับ (Crub),Crub
,คริสตัล (Crystal),Crystal
https://th.wikipedia.org/wiki/%E0%B8%84%E0%B8%A3%E0%B8%B5%E0%B8%A1,ครีม (Cream),Cream
,ควอนตั้ม (Quantum),Quantum
https://th.wikipedia.org/wiki/%E0%B8%84%E0%B9%87%E0%B8%AD%E0%B8%81%E0%B9%80%E0%B8%97%E0%B8%A5_(%E0%B8%A7%E0%B8%87%E0%B8%94%E0%B8%99%E0%B8%95%E0%B8%A3%E0%B8%B5),ค็อกเทล (Cocktail),Cocktail
https://th.wikipedia.org/wiki/%E0%B8%84%E0%B8%AD%E0%B8%A1%E0%B8%A1%E0%B8%AD%E0%B8%99%E0%B9%80%E0%B8%8B%E0%B8%99%E0%B8%AA%E0%B9%8C,คอมมอนเซนส์ (Common Sense),Common Sense
,คันไถ,
,คาซอย,
,คาซาม่า (Kasama),Kasama
https://th.wikipedia.org/wiki/%E0%B8%84%E0%B8%B2%E0%B8%A3%E0%B8%B2%E0%B8%9A%E0%B8%B2%E0%B8%A7,คาราบาว (Carabao),Carabao
https://th.wikipedia.org/wiki/%E0%B8%84%E0%B8%B2%E0%B8%A3%E0%B8%B2%E0%B8%A7%E0%B8%B2%E0%B8%99_(%E0%B8%A7%E0%B8%87%E0%B8%94%E0%B8%99%E0%B8%95%E0%B8%A3%E0%B8%B5),คาราวาน,
,คาราเมล (Karamail),Karamail
https://th.wikipedia.org/wiki/%E0%B8%84%E0%B8%B2%E0%B9%84%E0%B8%A5%E0%B9%82%E0%B8%94%E0%B8%AA%E0%B9%82%E0%B8%84%E0%B8%9B_(%E0%B8%A7%E0%B8%87%E0%B8%94%E0%B8%99%E0%B8%95%E0%B8%A3%E0%B8%B5),คาไลโดสโคป (Kaleidoscope),Kaleidoscope
,คาวบอยน้ำปู๋,
,คำภีร์,
https://th.wikipedia.org/wiki/%E0%B8%84%E0%B8%B4%E0%B8%94%E0%B9%81%E0%B8%99%E0%B9%87%E0%B8%9B%E0%B9%80%E0%B8%9B%E0%B8%AD%E0%B8%A3%E0%B9%8C%E0%B8%AA,คิดแน็ปเปอร์ส (Kidnappers),Kidnappers
,คิดอินเซน (Kid Insane),Kid Insane
,คินเดอร์การ์เท็น (Kindergarten),Kindergarten
,คิว (Q),Q
https://th.wikipedia.org/wiki/%E0%B8%84%E0%B8%B4%E0%B8%A7%E0%B8%95%E0%B8%B5%E0%B9%89,คิวตี้ (Q'Ty),Q'Ty
https://th.wikipedia.org/wiki/%E0%B8%84%E0%B8%B4%E0%B8%AA_%E0%B8%A1%E0%B8%B5_%E0%B9%84%E0%B8%9F%E0%B8%9F%E0%B9%8C,คิส มี ไฟฟ์ (Kiss Me Five),Kiss Me Five
https://th.wikipedia.org/wiki/%E0%B8%84%E0%B8%B5%E0%B8%95%E0%B8%B2%E0%B8%8D%E0%B8%8A%E0%B8%A5%E0%B8%B5_(%E0%B8%A7%E0%B8%87%E0%B8%94%E0%B8%99%E0%B8%95%E0%B8%A3%E0%B8%B5),คีตาญชลี,
https://th.wikipedia.org/wiki/%E0%B8%84%E0%B8%B5%E0%B8%A3%E0%B8%B5%E0%B8%9A%E0%B8%B9%E0%B8%99_(%E0%B8%A7%E0%B8%87%E0%B8%94%E0%B8%99%E0%B8%95%E0%B8%A3%E0%B8%B5),คีรีบูน,
,คุกคู (Cuckoo),Cuckoo
,คุณคำรณ,
https://th.wikipedia.org/wiki/%E0%B8%84%E0%B8%B9%E0%B8%93%E0%B8%AA%E0%B8%B2%E0%B8%A1%E0%B8%8B%E0%B8%B9%E0%B9%80%E0%B8%9B%E0%B8%AD%E0%B8%A3%E0%B9%8C%E0%B9%81%E0%B8%81%E0%B9%8A%E0%B8%87%E0%B8%84%E0%B9%8C,คูณสามซูเปอร์แก๊งค์ (X3 Super Gang),X3 Super Gang
,เครซี่ (Crazy),Crazy
https://th.wikipedia.org/wiki/%E0%B9%80%E0%B8%84%E0%B8%A7%E0%B8%81_(%E0%B8%A7%E0%B8%87%E0%B8%94%E0%B8%99%E0%B8%95%E0%B8%A3%E0%B8%B5),เควก (Quake),Quake
https://th.wikipedia.org/wiki/%E0%B9%80%E0%B8%84%E0%B8%A5%E0%B8%B4%E0%B9%89%E0%B8%A1_(%E0%B8%A7%E0%B8%87%E0%B8%94%E0%B8%99%E0%B8%95%E0%B8%A3%E0%B8%B5),เคลิ้ม,
https://th.wikipedia.org/wiki/%E0%B9%80%E0%B8%84%E0%B8%A5%E0%B8%B4%E0%B9%89%E0%B8%A1%E0%B8%AA%E0%B8%A1%E0%B8%B2%E0%B8%84%E0%B8%A1,เคลิ้มสมาคม,
https://th.wikipedia.org/wiki/%E0%B9%80%E0%B8%84%E0%B8%A5%E0%B8%B5%E0%B8%A2%E0%B8%A3%E0%B9%8C,เคลียร์ (Klear),Klear
,เคหะสถาน,
,เคไนน์ (K-9),K-9
https://th.wikipedia.org/wiki/%E0%B9%80%E0%B8%84%E0%B8%A3%E0%B8%AA%E0%B9%80%E0%B8%8A%E0%B8%99%E0%B9%82%E0%B8%94%E0%B9%89,เครสเชนโด้ (Crescendo),Crescendo
https://th.wikipedia.org/wiki/%E0%B9%80%E0%B8%84-%E0%B9%82%E0%B8%AD%E0%B8%95%E0%B8%B4%E0%B8%81,เค-โอติก (K-OTIC),K-OTIC
https://th.wikipedia.org/wiki/%E0%B9%81%E0%B8%84%E0%B8%97-%E0%B9%81%E0%B8%9E%E0%B8%97,แคท-แพท (Kat-Pat),Kat-Pat
https://th.wikipedia.org/wiki/%E0%B9%81%E0%B8%84%E0%B8%99%E0%B8%94%E0%B8%B5%E0%B9%89%E0%B8%A1%E0%B8%B2%E0%B9%80%E0%B8%9F%E0%B8%B5%E0%B8%A2,แคนดี้มาเฟีย (Candy Mafia),Candy Mafia
https://th.wikipedia.org/wiki/%E0%B9%81%E0%B8%84%E0%B8%A5%E0%B8%8A,แคลช (Clash),Clash
https://th.wikipedia.org/wiki/%E0%B9%81%E0%B8%84%E0%B8%A5%E0%B8%AD%E0%B8%A3%E0%B8%B5%E0%B9%88%E0%B8%AA%E0%B9%8C_%E0%B8%9A%E0%B8%A5%E0%B8%B2%E0%B8%AB%E0%B9%8C_%E0%B8%9A%E0%B8%A5%E0%B8%B2%E0%B8%AB%E0%B9%8C,แคลอรี่ส์ บลาห์ บลาห์ (Calories Blah Blah),Calories Blah Blah
,โคคำราม,
,โคโค่แจ๊ส (Coco Jazz),Coco Jazz
,โคโคนัตซันเดย์ (Coconut Sunday),Coconut Sunday
,โคบาล,
,โคลน (Clone),Clone
,ไคโจบราเธอร์ส (Kai-Jo Brothers),Kai-Jo Brothers
,ไคลแม็กซ์ (Climax),Climax
,จริญตนาใก,
,จอยบอย (JoyBoy),JoyBoy
,จำรัส แอนด์ เดอะ เรดิโอ,
,จี-จูเนียร์ (G-Jr),G-Jr
,จีซิกพีดี (G6pd),G6pd
https://th.wikipedia.org/wiki/%E0%B8%88%E0%B8%B5-%E0%B8%97%E0%B9%80%E0%B8%A7%E0%B8%99%E0%B8%95%E0%B8%B5%E0%B9%89,จี-ทเวนตี้ (G-TWENTY),G-TWENTY
https://th.wikipedia.org/wiki/%E0%B8%88%E0%B8%B5%E0%B8%97%E0%B8%B9%E0%B8%88%E0%B8%B5,จีทูจี (G2G),G2G
,จีว่า (JIWA),JIWA
https://th.wikipedia.org/wiki/%E0%B8%88%E0%B8%B8%E0%B8%AC%E0%B8%B2%E0%B8%A3%E0%B8%B1%E0%B8%95%E0%B8%99%E0%B9%8C_(%E0%B8%A7%E0%B8%87%E0%B8%94%E0%B8%99%E0%B8%95%E0%B8%A3%E0%B8%B5),จุฬารัตน์,
,จูซ (Juice),Juice
https://th.wikipedia.org/wiki/%E0%B9%80%E0%B8%88_%E0%B9%80%E0%B8%84%E0%B8%99_%E0%B9%84%E0%B8%AD%E0%B8%8B%E0%B9%8C,เจ เคน ไอซ์ (JKI),JKI
,เจเนอเรชั่น (Generation),Generation
https://th.wikipedia.org/wiki/%E0%B9%80%E0%B8%88%E0%B8%AD%E0%B8%B2%E0%B8%A3%E0%B9%8C-%E0%B8%A7%E0%B8%AD%E0%B8%A2,เจอาร์-วอย (JR-Voy),JR-Voy
https://th.wikipedia.org/wiki/%E0%B9%80%E0%B8%88%E0%B9%87%E0%B8%95%E0%B9%80%E0%B8%8B%E0%B9%87%E0%B8%95%E0%B9%80%E0%B8%95%E0%B8%AD%E0%B8%A3%E0%B9%8C,เจ็ตเซ็ตเตอร์ (Jetset'er),Jetset'er
,เจียะ ป้า บ่อ สื่อ,
https://th.wikipedia.org/wiki/%E0%B9%81%E0%B8%88%E0%B8%A1%E0%B8%9B%E0%B9%8C_(%E0%B8%A7%E0%B8%87%E0%B8%94%E0%B8%99%E0%B8%95%E0%B8%A3%E0%B8%B5),แจมป์ (Jamp),Jamp
https://th.wikipedia.org/wiki/%E0%B9%81%E0%B8%88%E0%B8%AA%E0%B8%A1%E0%B8%B4%E0%B8%99,แจสมิน (Jeasmine),Jeasmine
,โจ-ป๊อป (Jo-Pop),Jo-Pop
,โจ๋แฟกซ์ (Jofax),Jofax
https://th.wikipedia.org/wiki/%E0%B9%84%E0%B8%88%E0%B9%81%E0%B8%AD%E0%B8%99%E0%B8%97%E0%B9%8C_(%E0%B8%A7%E0%B8%87%E0%B8%94%E0%B8%99%E0%B8%95%E0%B8%A3%E0%B8%B5),ไจแอนท์ (Giant),Giant
,ฉ่ำ ฉ่ำ,
https://th.wikipedia.org/wiki/%E0%B9%80%E0%B8%89%E0%B8%A5%E0%B8%B5%E0%B8%A2%E0%B8%87_(%E0%B8%A7%E0%B8%87%E0%B8%94%E0%B8%99%E0%B8%95%E0%B8%A3%E0%B8%B5),เฉลียง,
,เฉย,
,ช็อคโกแล็ตคิท (Chocolate Kit),Chocolate Kit
https://th.wikipedia.org/wiki/%E0%B8%8A%E0%B8%B1%E0%B8%84%E0%B8%81%E0%B8%B5%E0%B9%89_%E0%B8%98%E0%B8%B1%E0%B8%8D%E0%B8%8D%E0%B8%A3%E0%B8%B1%E0%B8%95%E0%B8%99%E0%B9%8C,ชัคกี้ ธัญญรัตน์ แอนด์ เดอะ บลู แพลเน็ต,
https://th.wikipedia.org/wiki/%E0%B8%8A%E0%B8%B2%E0%B8%95%E0%B8%A3%E0%B8%B5,ชาตรี,
,ชาย,
,ชายกะสัน,
https://th.wikipedia.org/wiki/%E0%B8%8A%E0%B8%B4%E0%B8%A5%E0%B8%A5%E0%B8%B5%E0%B9%88%E0%B9%84%E0%B8%A7%E0%B8%97%E0%B9%8C%E0%B8%8A%E0%B9%87%E0%B8%AD%E0%B8%84,ชิลลี่ไวท์ช็อค (Chilli White Choc),Chilli White Choc
,ชีส (Zheese),Zheese
https://th.wikipedia.org/wiki/%E0%B8%8A%E0%B8%B9%E0%B8%81%E0%B8%B2%E0%B8%A3%E0%B9%8C_%E0%B8%AD%E0%B8%B2%E0%B8%A2%E0%B8%AA%E0%B9%8C,ชูการ์ อายส์ (Sugar Eyes),Sugar Eyes
,เชอร์รี่ ดั๊ก (Sherry Duck),Sherry Duck
,เชอร์รี่แบล็ค (Cherry Black),Cherry Black
,แชมพู (Shampoo),Shampoo
,โชกุนจั๊มป์ (Shogun Jump),Shogun Jump
https://th.wikipedia.org/wiki/%E0%B9%84%E0%B8%8A%E0%B8%99%E0%B9%88%E0%B8%B2%E0%B8%94%E0%B8%AD%E0%B8%A5%E0%B8%AA%E0%B9%8C,ไชน่าดอลส์ (China Dolls),China Dolls
https://th.wikipedia.org/wiki/%E0%B8%8B%E0%B8%B1%E0%B8%84%E0%B9%80%E0%B8%8B%E0%B8%AA,ซัคเซส (Success),Success
https://th.wikipedia.org/wiki/%E0%B8%8B%E0%B8%B1%E0%B8%99%E0%B9%84%E0%B8%8A%E0%B8%99%E0%B9%8C,ซันไชน์ (Sunshine),Sunshine
,ซันเดย์พาเหรด (Sundae Parade),Sundae Parade
,ซันเดย์ บอย (Sunday Boy),Sunday Boy
,ซันนี่ พาเหรด (Sunny Parade),Sunny Parade
,ซับใน,
https://th.wikipedia.org/wiki/%E0%B8%8B%E0%B8%B1%E0%B8%9A%E0%B9%80%E0%B8%97%E0%B8%99%E0%B8%8A%E0%B8%B1%E0%B9%88%E0%B8%99,ซับเทนชั่น (Subtention),Subtention
,ซัมเมอร์เดรส (Summer Dress),Summer Dress
,ซัสเทนเนอร์ (Sustainer),Sustainer
https://th.wikipedia.org/wiki/%E0%B8%8B%E0%B8%B2%E0%B8%8B%E0%B9%88%E0%B8%B2,ซาซ่า (Zaza),Zaza
https://th.wikipedia.org/wiki/%E0%B8%8B%E0%B8%B2%E0%B9%81%E0%B8%99%E0%B9%87%E0%B8%81%E0%B8%8B%E0%B9%8C,ซาแน็กซ์ (Zanax),Zanax
,ซามูไรลาว (Samurai Loud),Samurai Loud
https://th.wikipedia.org/wiki/%E0%B8%8B%E0%B8%B2%E0%B9%84%E0%B8%A5%E0%B8%A7%E0%B8%B2%E0%B8%9A%E0%B8%B2%E0%B8%AA%E0%B8%95%E0%B8%B2%E0%B8%94%E0%B8%AA%E0%B9%8C,ซาไลวาบาสตาดส์ (Saliva Bastards),Saliva Bastards
,ซาวด์เซิร์ฟ (Soundsurf),Soundsurf
,ซาวด์ วอล์กเกอร์ (Sound Walker),Sound Walker
,ซ่าหริ่ม,
https://th.wikipedia.org/wiki/%E0%B8%8B%E0%B8%B4%E0%B8%81%E0%B8%8B%E0%B9%8C%E0%B9%80%E0%B8%8B%E0%B9%89%E0%B8%99%E0%B8%8B%E0%B9%8C,ซิกซ์เซ้นซ์ (Six Sense),Six Sense
,ซิกซ์ตี้ ซี (60 C),60 C
,ซิกซ์ตี้ ไมล์ส (Sixty Miles),Sixty Miles
,ซิกแซก (Zigzag),Zigzag
,ซิกเนเจอร์ (Signature),Signature
https://th.wikipedia.org/wiki/%E0%B8%8B%E0%B8%B4%E0%B8%87%E0%B8%81%E0%B8%B9%E0%B8%A5%E0%B9%88%E0%B8%B2%E0%B8%A3%E0%B9%8C_(%E0%B8%A7%E0%B8%87%E0%B8%94%E0%B8%99%E0%B8%95%E0%B8%A3%E0%B8%B5),ซิงกูล่าร์ (Singular),Singular
https://th.wikipedia.org/wiki/%E0%B8%8B%E0%B8%B4%E0%B8%99%E0%B8%8D%E0%B8%AD%E0%B8%A3%E0%B8%B4%E0%B8%95%E0%B9%89%E0%B8%B2,ซินญอริต้า (Senorita),Senorita
https://th.wikipedia.org/wiki/%E0%B8%8B%E0%B8%B4%E0%B8%99%E0%B9%80%E0%B8%94%E0%B8%AD%E0%B9%80%E0%B8%A3%E0%B8%A5%E0%B8%A5%E0%B9%88%E0%B8%B2_(%E0%B8%A7%E0%B8%87%E0%B8%94%E0%B8%99%E0%B8%95%E0%B8%A3%E0%B8%B5%E0%B9%84%E0%B8%97%E0%B8%A2),ซินเดอเรลล่า (Cinderella),Cinderella
,ซิลเวอร์แซนด์ (Silver Sand),Silver Sand
https://th.wikipedia.org/wiki/%E0%B8%8B%E0%B8%B4%E0%B8%A5%E0%B8%A5%E0%B8%B5%E0%B9%88%E0%B8%9F%E0%B8%B9%E0%B8%A5%E0%B8%AA%E0%B9%8C,ซิลลี่ฟูลส์ (Silly Fools),Silly Fools
https://th.wikipedia.org/wiki/%E0%B8%8B%E0%B8%B4%E0%B8%AA%E0%B8%81%E0%B9%89%E0%B8%B2,ซิสก้า (Siska),Siska
https://th.wikipedia.org/wiki/%E0%B8%8B%E0%B8%B4%E0%B8%AA%E0%B9%80%E0%B8%95%E0%B9%87%E0%B8%A1_%E0%B9%82%E0%B8%9F%E0%B8%A3%E0%B9%8C,ซิสเต็ม โฟร์ (System 4),System 4
https://th.wikipedia.org/wiki/%E0%B8%8B%E0%B8%B5%E0%B8%84%E0%B8%A7%E0%B8%B4%E0%B8%99%E0%B8%97%E0%B9%8C,ซีควินท์ (C-Quint),C-Quint
,ซีซั่นไฟว์ (Season 5),Season 5
https://th.wikipedia.org/wiki/%E0%B8%8B%E0%B8%B5%E0%B8%9A%E0%B8%A3%E0%B8%B2,ซีบรา (Zebra),Zebra
https://th.wikipedia.org/wiki/%E0%B8%8B%E0%B8%B5%E0%B9%80%E0%B8%9B%E0%B8%B5%E0%B8%A2_(%E0%B8%A7%E0%B8%87%E0%B8%94%E0%B8%99%E0%B8%95%E0%B8%A3%E0%B8%B5),ซีเปีย (Sepia),Sepia
,ซีโร่ ฮีโร่ (Zero Hero),Zero Hero
https://th.wikipedia.org/wiki/%E0%B8%8B%E0%B8%B5%E0%B8%A5,ซีล (Zeal),Zeal
https://th.wikipedia.org/wiki/%E0%B8%8B%E0%B8%B5%E0%B8%A5%E0%B8%9E%E0%B8%B4%E0%B8%A5%E0%B9%82%E0%B8%A5%E0%B8%A7,ซีลพิลโลว (Seal Pillow),Seal Pillow
,ซีโอทู (CO2),CO2
https://th.wikipedia.org/wiki/%E0%B8%8B%E0%B8%B9%E0%B8%8B%E0%B8%B9,ซูซู,
,ซูเปอร์กลู (Super Glue),Super Glue
https://th.wikipedia.org/wiki/%E0%B8%8B%E0%B8%B9%E0%B9%80%E0%B8%9B%E0%B8%AD%E0%B8%A3%E0%B9%8C%E0%B8%9E%E0%B8%B2%E0%B8%A7%E0%B9%80%E0%B8%A7%E0%B8%AD%E0%B8%A3%E0%B9%8C%E0%B8%81%E0%B8%A5%E0%B8%B9,ซูเปอร์พาวเวอร์กลู (Super Power Glue),Super Power Glue
https://th.wikipedia.org/wiki/%E0%B8%8B%E0%B8%B9%E0%B9%80%E0%B8%9B%E0%B8%AD%E0%B8%A3%E0%B9%8C%E0%B8%8B%E0%B8%B1%E0%B8%9A,ซูเปอร์ซับ (Supersub),Supersub
https://th.wikipedia.org/wiki/%E0%B8%8B%E0%B8%B9%E0%B9%80%E0%B8%9B%E0%B8%AD%E0%B8%A3%E0%B9%8C%E0%B9%80%E0%B8%9A%E0%B9%80%E0%B8%81%E0%B8%AD%E0%B8%A3%E0%B9%8C,ซูเปอร์เบเกอร์ (Superbaker),Superbaker
,ซูเปอร์สตริงส์ (Superstrings),Superstrings
,เซ็งลี้,
,เซน (Sane),Sane
,เซนซิทีฟ แอเรีย (Sensitive Area),Sensitive Area
,เซมิโคล่อน (Semi-colon;),Semi-colon;
https://th.wikipedia.org/wiki/%E0%B9%80%E0%B8%8B%E0%B9%80%E0%B8%A7%E0%B8%99%E0%B9%80%E0%B8%94%E0%B8%AA%E0%B9%8C,เซเวนเดส์ (Seven Days),Seven Days
,เซเว่นเดย์ เครซี่ (7Days Crazy),7Days Crazy
https://th.wikipedia.org/wiki/%E0%B9%80%E0%B8%8B%E0%B9%80%E0%B8%A7%E0%B9%88%E0%B8%99%E0%B8%98%E0%B9%8C%E0%B8%8B%E0%B8%B5%E0%B8%99,เซเว่นธ์ซีน (7th Scene),7th Scene
,เซอร์เคิล กรีน (Circle Green),Circle Green
https://th.wikipedia.org/wiki/%E0%B9%80%E0%B8%8B%E0%B8%B2%E0%B8%97%E0%B9%8C%E0%B9%84%E0%B8%8B%E0%B8%94%E0%B9%8C_(%E0%B8%A7%E0%B8%87%E0%B8%94%E0%B8%99%E0%B8%95%E0%B8%A3%E0%B8%B5),เซาท์ไซด์ (Southside),Southside
https://th.wikipedia.org/wiki/%E0%B9%80%E0%B8%8B%E0%B8%AD%E0%B8%A3%E0%B9%8C%E0%B9%80%E0%B8%A3%E0%B8%99%E0%B9%80%E0%B8%94%E0%B9%89%E0%B8%AD_%E0%B8%AD%E0%B8%AD%E0%B8%9F_%E0%B8%94%E0%B8%B4%E0%B8%A7%E0%B8%B4%E0%B8%99%E0%B8%B4%E0%B8%95%E0%B8%B5%E0%B9%89,เซอร์เรนเด้อ ออฟ ดิวินิตี้  (Surrender of Divinity),Surrender of Divinity
,แซทเทอร์เดย์ เซโกะ (Saturday Seiko),Saturday Seiko
https://th.wikipedia.org/wiki/%E0%B9%81%E0%B8%8B%E0%B8%99%E0%B8%94%E0%B9%8C-%E0%B9%81%E0%B8%9A%E0%B8%87%E0%B8%84%E0%B9%8C,แซนด์-แบงค์,
,แซนด์ สโตน (Sand Stone),Sand Stone
https://th.wikipedia.org/wiki/%E0%B9%82%E0%B8%8B%E0%B8%84%E0%B8%B9%E0%B8%A5,โซคูล (So Cool),So Cool
,โซมีเดย์ (So-Me-Day),So-Me-Day
,โซดา (Soda),Soda
https://th.wikipedia.org/wiki/%E0%B9%82%E0%B8%8B%E0%B8%9F%E0%B8%B2_(%E0%B8%A7%E0%B8%87%E0%B8%94%E0%B8%99%E0%B8%95%E0%B8%A3%E0%B8%B5),โซฟา (Sofa),Sofa
,โซลดา (Soul-Da),Soul-Da
https://th.wikipedia.org/wiki/%E0%B9%82%E0%B8%8B%E0%B8%A5%E0%B8%AD%E0%B8%B2%E0%B8%9F%E0%B9%80%E0%B8%95%E0%B8%AD%E0%B8%A3%E0%B9%8C%E0%B8%8B%E0%B8%B4%E0%B8%81%E0%B8%8B%E0%B9%8C,โซลอาฟเตอร์ซิกซ์ (Soul After Six),Soul After Six
,โซลเอาต์ (Soul Out),Soul Out
,โซลิดสเตต (Solid State),Solid State
,ไซโคสลิม (Psychoslim),Psychoslim
https://th.wikipedia.org/wiki/%E0%B9%84%E0%B8%8B%E0%B9%80%E0%B8%A5%E0%B8%99%E0%B8%97%E0%B9%8C_%E0%B8%AA%E0%B8%84%E0%B8%A3%E0%B8%B5%E0%B8%A1,ไซเลนท์ สครีม (Silent Scream),Silent Scream
,ไซมีซเก็ตโต (Siamese Ghetto),Siamese Ghetto
,ไซแอม (Syam),Syam
https://th.wikipedia.org/wiki/%E0%B8%8C%E0%B8%B2%E0%B8%A1%E0%B8%B2,ฌามา,
https://th.wikipedia.org/wiki/%E0%B9%80%E0%B8%8C%E0%B8%AD_(%E0%B8%A7%E0%B8%87%E0%B8%94%E0%B8%99%E0%B8%95%E0%B8%A3%E0%B8%B5),เฌอ,
,ญารินดา แอนด์ เฟรนด์ส (Yarinda and Friends),Yarinda and Friends
https://th.wikipedia.org/wiki/%E0%B8%94%E0%B8%A3.%E0%B8%84%E0%B8%B4%E0%B8%94%E0%B8%AA%E0%B9%8C,ดร.คิดส์ (Dr.Kids),Dr.Kids
https://th.wikipedia.org/wiki/%E0%B8%94%E0%B8%A3%E0%B8%B2%E0%B8%81%E0%B9%89%E0%B8%AD%E0%B8%99%E0%B9%84%E0%B8%9F%E0%B8%A7%E0%B9%8C,ดราก้อนไฟว์ (Dragon 5),Dragon 5
,ดราม่า สตรีม (Drama Stream),Drama Stream
https://th.wikipedia.org/wiki/%E0%B8%94%E0%B9%87%E0%B8%AD%E0%B8%81%E0%B9%80%E0%B8%95%E0%B8%AD%E0%B8%A3%E0%B9%8C_%E0%B8%9F%E0%B8%B9,ด็อกเตอร์ ฟู (Dr.Fuu),Dr.Fuu
,ดอกเบี้ยบานแบนด์,
https://th.wikipedia.org/wiki/%E0%B8%94%E0%B8%AD%E0%B8%81%E0%B9%84%E0%B8%A1%E0%B9%89%E0%B8%9B%E0%B9%88%E0%B8%B2_(%E0%B8%A7%E0%B8%87%E0%B8%94%E0%B8%99%E0%B8%95%E0%B8%A3%E0%B8%B5),ดอกไม้ป่า,
https://th.wikipedia.org/wiki/%E0%B8%94%E0%B8%AD%E0%B8%99%E0%B8%9C%E0%B8%B5%E0%B8%9A%E0%B8%B4%E0%B8%99,ดอนผีบิน,
https://th.wikipedia.org/wiki/%E0%B8%94%E0%B8%B1%E0%B8%9A%E0%B9%80%E0%B8%9A%E0%B8%B4%E0%B9%89%E0%B8%A5%E0%B8%A2%E0%B8%B9_(%E0%B8%A7%E0%B8%87%E0%B8%94%E0%B8%99%E0%B8%95%E0%B8%A3%E0%B8%B5),ดับเบิ้ล ยู (Double U),Double U
,ดาคิลเลอส์ (Da Killerz),Da Killerz
,ดาวพลูโต,
,ดิ ออริจินอล ทรี (The Original Three),The Original Three
,ดิ ออฟติก (The Optic),The Optic
https://th.wikipedia.org/wiki/%E0%B8%94%E0%B8%B4_%E0%B8%AD%E0%B8%B4%E0%B8%A1%E0%B8%9E%E0%B8%AD%E0%B8%AA%E0%B8%8B%E0%B8%B4%E0%B9%80%E0%B8%9A%E0%B8%B4%E0%B9%89%E0%B8%A5,ดิ อิมพอสซิเบิ้ล (The Impossible),The Impossible
https://th.wikipedia.org/wiki/%E0%B8%94%E0%B8%B4_%E0%B8%AD%E0%B8%B4%E0%B8%99%E0%B9%82%E0%B8%99%E0%B9%80%E0%B8%8B%E0%B9%89%E0%B8%99%E0%B8%97%E0%B9%8C,ดิ อินโนเซ้นท์ (The Innocent),The Innocent
,ดิแอทลาส (The Atlas),The Atlas
,ดิโอเปี้ยม (Di-Opium),Di-Opium
https://th.wikipedia.org/wiki/%E0%B8%94%E0%B8%B4_%E0%B9%82%E0%B8%AD%E0%B8%AC%E0%B8%B2%E0%B8%A3_%E0%B9%82%E0%B8%9B%E0%B8%A3%E0%B9%80%E0%B8%88%E0%B9%87%E0%B8%84%E0%B8%95%E0%B9%8C,ดิ โอฬาร โปรเจ็คต์ (The Olarn Project),The Olarn Project
,ดินสอดำ,
,ดีซีแบนด์ (D.C. Band),D.C. Band
https://th.wikipedia.org/wiki/%E0%B8%94%E0%B8%B5%E0%B9%80%E0%B8%8B%E0%B8%A1%E0%B9%80%E0%B8%9A%E0%B8%AD%E0%B8%A3%E0%B9%8C_(%E0%B8%A7%E0%B8%87%E0%B8%94%E0%B8%99%E0%B8%95%E0%B8%A3%E0%B8%B5),ดีเซมเบอร์ (Dezember),Dezember
https://th.wikipedia.org/wiki/%E0%B8%94%E0%B8%B5%E0%B8%97%E0%B8%B9%E0%B8%9A%E0%B8%B5,ดีทูบี (D2B),D2B
,ดีเทลส์ (Details),Details
,ดีปลี,
https://th.wikipedia.org/wiki/%E0%B8%94%E0%B8%B9%E0%B8%9A%E0%B8%B2%E0%B8%94%E0%B8%B9,ดูบาดู (Doobadoo),Doobadoo
,เดจา วู (Deja Vu),Deja Vu
https://th.wikipedia.org/wiki/%E0%B9%80%E0%B8%94%E0%B8%A2%E0%B9%8C_%E0%B8%97%E0%B8%A3%E0%B8%B4%E0%B8%9B%E0%B9%80%E0%B8%9B%E0%B8%AD%E0%B8%A3%E0%B9%8C,เดย์ ทริปเปอร์ (Day Tripper),Day Tripper
,เดอะ จั๊กส์ (The Jukks),The Jukks
https://th.wikipedia.org/wiki/%E0%B9%80%E0%B8%94%E0%B8%AD%E0%B8%B0%E0%B8%8B%E0%B8%B1%E0%B8%99,เดอะซัน (The Sun),The Sun
https://th.wikipedia.org/wiki/%E0%B9%80%E0%B8%94%E0%B8%AD%E0%B8%B0_%E0%B8%8B%E0%B8%B4%E0%B8%95%E0%B8%B5%E0%B9%89_%E0%B8%84%E0%B8%AD%E0%B8%A3%E0%B8%B1%E0%B8%AA,เดอะ ซิตี้ คอรัส (The City Chorus),The City Chorus
https://th.wikipedia.org/wiki/%E0%B9%80%E0%B8%94%E0%B8%AD%E0%B8%B0%E0%B8%8B%E0%B8%B4%E0%B8%AA_(%E0%B8%A7%E0%B8%87%E0%B8%94%E0%B8%99%E0%B8%95%E0%B8%A3%E0%B8%B5),เดอะซิส (The Sis),The Sis
,เดอะเซ้นท์ (The Saint),The Saint
,เดอะ ไดเอต พิลส์ (The Diet Pills),The Diet Pills
,เดอะ เทอร์ตี้ เอท เยียร์ส อโก (The 38 Years Ago),The 38 Years Ago
,เดอะไทคูน (The Tycoon),The Tycoon
,เดอะ โน้ต (The Note),The Note
,เดอะ บอททอม บลูส์ (The Bottom Blues),The Bottom Blues
,เดอะ บีกินส์ (The Begins),The Begins
,เดอะ เบลสส์ (The Bless),The Bless
,เดอะ แบ็คอัพ (The Back Up),The Back Up
,เดอะ เป็ด,
,เดอะ เปเปอส์ (The Papers),The Papers
https://th.wikipedia.org/wiki/%E0%B9%80%E0%B8%94%E0%B8%AD%E0%B8%B0_%E0%B8%9E%E0%B8%B5%E0%B8%8A%E0%B9%81%E0%B8%9A%E0%B8%99%E0%B8%94%E0%B9%8C,เดอะ พีชแบนด์ (The Peach Band),The Peach Band
,เดอะพีเพิล (The People),The People
,เดอะ ฟ็อกซ์ (The Fox),The Fox
https://th.wikipedia.org/wiki/%E0%B9%80%E0%B8%94%E0%B8%AD%E0%B8%B0_%E0%B8%9F%E0%B8%B4%E0%B8%99,เดอะ ฟิน (The Fin),The Fin
,เดอะ โฟโต้ สติกเกอร์ แมชีน (The Photo Sticker Machine),The Photo Sticker Machine
https://th.wikipedia.org/wiki/%E0%B9%80%E0%B8%94%E0%B8%AD%E0%B8%B0%E0%B8%A1%E0%B9%89%E0%B8%87,เดอะม้ง (The hmong),The hmong
,เดอะ มัสต์ (The Must),The Must
https://th.wikipedia.org/wiki/%E0%B9%80%E0%B8%94%E0%B8%AD%E0%B8%B0%E0%B8%A1%E0%B8%B9%E0%B8%AA%E0%B8%AA%E0%B9%8C,เดอะมูสส์ (The Mousses),The Mousses
https://th.wikipedia.org/wiki/%E0%B9%80%E0%B8%94%E0%B8%AD%E0%B8%B0%E0%B9%80%E0%B8%A2%E0%B8%AD%E0%B8%A3%E0%B9%8C%E0%B8%AA,เดอะเยอร์ส (The Yers),The Yers
https://th.wikipedia.org/wiki/%E0%B9%80%E0%B8%94%E0%B8%AD%E0%B8%B0%E0%B8%A3%E0%B8%B4%E0%B8%8A%E0%B9%81%E0%B8%A1%E0%B8%99%E0%B8%97%E0%B8%AD%E0%B8%A2,เดอะริชแมนทอย (The Richman Toy),The Richman Toy
,เดอะ เวิร์ม (The Worm),The Worm
,เดอะ ฮอตเปปเปอร์ซิงเกอร์ (The Hot Pepper Singers),The Hot Pepper Singers
,แดดดี้ ด็อก (Daddy Dog),Daddy Dog
https://th.wikipedia.org/wiki/%E0%B9%81%E0%B8%94%E0%B8%99-%E0%B8%9A%E0%B8%B5%E0%B8%A1,แดน-บีม (Dan-Beam),Dan-Beam
,แดนซ์ อาร์มี่ (Dance Army),Dance Army
,โดส (Dos),Dos
https://th.wikipedia.org/wiki/%E0%B9%82%E0%B8%94%E0%B8%A1%E0%B8%B4%E0%B9%81%E0%B8%99%E0%B8%99%E0%B8%97%E0%B9%8C_(%E0%B8%A7%E0%B8%87%E0%B8%94%E0%B8%99%E0%B8%95%E0%B8%A3%E0%B8%B5),โดมิแนนท์ (Dominant),Dominant
,ตเลง,
,ต้อง แอนด์ เจนนี่,
,ตะกร้า,
https://th.wikipedia.org/wiki/%E0%B8%95%E0%B8%B2%E0%B8%A7%E0%B8%B1%E0%B8%99,ตาวัน,
,เตกีล่า ซันเซ็ต (Tequila Sunset),Tequila Sunset
,เตปาป้า (Tepapa),Tepapa
,ทรงหรรษา,
,ทรัย (Try),Try
,ทรานซ์ ซิสเตอร์ (Trance Ziztor),Trance Ziztor
,ทราย,
,ทรายมายชูส์ (Trymyshoes),Trymyshoes
https://th.wikipedia.org/wiki/%E0%B8%97%E0%B8%A3%E0%B8%B5%E0%B8%88%E0%B8%B5_(%E0%B8%A7%E0%B8%87%E0%B8%94%E0%B8%99%E0%B8%95%E0%B8%A3%E0%B8%B5),ทรีจี (3G),3G
,ทรี แซทเทอร์เดย์ (Three Saturday),Three Saturday
,ทรีดิฟฟ์ (3Diff),3Diff
,ทรีดีซี (3DC),3DC
https://th.wikipedia.org/wiki/%E0%B8%97%E0%B8%A3%E0%B8%B5.%E0%B8%97%E0%B8%B9.%E0%B8%A7%E0%B8%B1%E0%B8%99,ทรี ทู วัน (3.2.1),3.2.1
https://th.wikipedia.org/wiki/%E0%B8%97%E0%B8%A3%E0%B8%B5%E0%B8%9E%E0%B8%A5%E0%B8%B1%E0%B8%AA%E0%B8%A7%E0%B8%B1%E0%B8%99,ทรีพลัสวัน (Three Plus One),Three Plus One
,ทวินโซล (Twin Soul),Twin Soul
,ทเวนติไฟว์ฮาวส์  (25 hours),25 hours
,ทโมน,
,ทอล์คเลส (Talkless),Talkless
,ทักซ์ แมนชั่น (Thugz Mansion),Thugz Mansion
,ทัวร์ (Tour),Tour
,ทาบาสโก้ (Tabasco),Tabasco
,ทาร์ซานส์ บอย (Tarzan's Boy),Tarzan's Boy
https://th.wikipedia.org/wiki/%E0%B8%97%E0%B8%B4%E0%B8%84_%E0%B9%81%E0%B8%97%E0%B8%84_%E0%B9%82%E0%B8%97,ทิค แทค โท (Tic Tac To),Tic Tac To
https://th.wikipedia.org/wiki/%E0%B8%97%E0%B8%B5%E0%B8%99%E0%B9%80%E0%B8%AD%E0%B8%88%E0%B9%80%E0%B8%81%E0%B8%A3%E0%B8%94%E0%B9%80%E0%B8%AD,ทีนเอจเกรดเอ (Teen 8 Grade A),Teen 8 Grade A
https://th.wikipedia.org/wiki/%E0%B8%97%E0%B8%B5%E0%B9%82%E0%B8%9A%E0%B8%99,ทีโบน (T-Bone),T-Bone
https://th.wikipedia.org/wiki/%E0%B8%97%E0%B8%B5%E0%B8%9F%E0%B8%AD%E0%B8%A3%E0%B9%8C%E0%B8%97%E0%B8%A3%E0%B8%B5,ทีฟอร์ทรี (Tea For Three),Tea For Three
,ทีมอร์โรว์ (T-Morrow),T-Morrow
https://th.wikipedia.org/wiki/%E0%B8%97%E0%B8%B5%E0%B8%AA%E0%B9%80%E0%B8%81%E0%B8%B4%E0%B9%8A%E0%B8%95,ทีสเกิ๊ต (T-Skirt),T-Skirt
,ทีเคโอ (TKO),TKO
https://th.wikipedia.org/wiki/%E0%B8%97%E0%B8%B9,ทู (Two),Two
,ทู พีซเซส (2 Pcs.),2 Pcs.
,ทูฟลาวเวอร์ส (Twoflowers),Twoflowers
https://th.wikipedia.org/wiki/%E0%B8%97%E0%B8%B9_%E0%B9%84%E0%B8%AE,ทู ไฮ (2 High),2 High
https://th.wikipedia.org/wiki/%E0%B8%97%E0%B8%B9%E0%B9%80%E0%B8%94%E0%B8%A2%E0%B9%8C%E0%B8%AA_%E0%B8%AD%E0%B8%B0%E0%B9%82%E0%B8%81%E0%B8%84%E0%B8%B4%E0%B8%94%E0%B8%AA%E0%B9%8C,ทูเดย์ส อะโกคิดส์ (2 Days Ago Kids),2 Days Ago Kids
,เท็ดดี้ สกา แบนด์ (Teddy Ska Band),Teddy Ska Band
,เท็น ทู ทเวลฟ์ (Ten to Twelve),Ten to Twelve
https://th.wikipedia.org/wiki/%E0%B9%80%E0%B8%97%E0%B9%87%E0%B8%99%E0%B8%AD%E0%B8%B5%E0%B9%80%E0%B8%A5%E0%B8%9F%E0%B9%80%E0%B8%A7%E0%B8%99,เท็นอีเลฟเวน (1011),1011
,เทอร์ตี้ทู อ็อคโทเบอร์ (32 October),32 October
,เทอร์โบ (Turbo),Turbo
,เทอร์ราคอตตา (Terracotta),Terracotta
,เทอร์แรนส์ อาร์ ชีทเทอร์ส (Terrans Are Cheaters!),Terrans Are Cheaters!
https://th.wikipedia.org/wiki/%E0%B9%81%E0%B8%97%E0%B9%87%E0%B8%81%E0%B8%8B%E0%B8%B5%E0%B9%88_(%E0%B8%A7%E0%B8%87%E0%B8%94%E0%B8%99%E0%B8%95%E0%B8%A3%E0%B8%B5),แท็กซี่ (Taxi),Taxi
https://th.wikipedia.org/wiki/%E0%B9%81%E0%B8%97%E0%B8%97%E0%B8%97%E0%B8%B9%E0%B8%84%E0%B8%B1%E0%B8%A5%E0%B9%80%E0%B8%A5%E0%B8%AD%E0%B8%A3%E0%B9%8C,แทททูคัลเลอร์ (Tattoo Colour),Tattoo Colour
,แทสมาเนียน (Tazzmanian),Tazzmanian
,เทิร์นออน (Turn On),Turn On
https://th.wikipedia.org/wiki/%E0%B9%84%E0%B8%97%E0%B8%A1%E0%B9%8C_(%E0%B8%A7%E0%B8%87%E0%B8%94%E0%B8%99%E0%B8%95%E0%B8%A3%E0%B8%B5),ไทม์ (Time),Time
https://th.wikipedia.org/wiki/%E0%B9%84%E0%B8%97%E0%B8%A2%E0%B9%80%E0%B8%97%E0%B9%80%E0%B8%99%E0%B8%B5%E0%B9%88%E0%B8%A2%E0%B8%A1,ไทยเทเนี่ยม (Thaitanium),Thaitanium
https://th.wikipedia.org/wiki/%E0%B9%84%E0%B8%97%E0%B8%A2%E0%B9%81%E0%B8%A5%E0%B8%99%E0%B8%94%E0%B9%8C_%E0%B8%9F%E0%B8%B4%E0%B8%A5%E0%B8%AE%E0%B8%B2%E0%B8%A3%E0%B9%8C%E0%B9%82%E0%B8%A1%E0%B8%99%E0%B8%B4%E0%B8%81_%E0%B8%AD%E0%B8%AD%E0%B9%80%E0%B8%84%E0%B8%AA%E0%B8%95%E0%B8%A3%E0%B8%B2,ไทยแลนด์ ฟิลฮาร์โมนิก ออเคสตรา (Thailand Philharmonic Orchestra),Thailand Philharmonic Orchestra
https://th.wikipedia.org/wiki/%E0%B9%84%E0%B8%97%E0%B8%A3%E0%B8%AD%E0%B8%B1%E0%B8%A1%E0%B8%9E%E0%B9%8C%E0%B8%AA_%E0%B8%84%E0%B8%B4%E0%B8%87%E0%B8%94%E0%B8%AD%E0%B8%A1,ไทรอัมพ์ส คิงดอม (Triumphs Kingdom),Triumphs Kingdom
,ไทร็อก (Thai Rock),Thai Rock
,ไทละเมอ,
,ไทลากูน,
,ธาร์ มาส ด่า,
https://th.wikipedia.org/wiki/%E0%B8%99%E0%B8%81%E0%B9%81%E0%B8%A5,นกแล,
,นกแสก,
https://th.wikipedia.org/wiki/%E0%B8%99%E0%B9%87%E0%B8%AD%E0%B8%84%E0%B9%80%E0%B8%94%E0%B8%AD%E0%B8%B0%E0%B8%99%E0%B9%87%E0%B8%AD%E0%B8%84,น็อคเดอะน็อค (Knock The Knock),Knock The Knock
,น็อต-เก็น,
,นอน ท็อกซิค (Non-Toxic),Non-Toxic
,นอนมา,
,นอยซ์ (Noize),Noize
https://th.wikipedia.org/wiki/%E0%B8%99%E0%B8%AD%E0%B8%AA,นอส (Nos),Nos
,นักเพลง,
,นัทแครกเกอร์ (Nutcracker),Nutcracker
,นั่งเล่น,
,นาตาลี - แจ๊สกี้,
,นานา (Nana),Nana
,น้า น้า,
,นานาช่า (Na Na Cha),Na Na Cha
,นายครรชิตกับทิดแหลม,
,นาวิน,
,น้ำใจ,
,นิธิทัศน์แบนด์,
https://th.wikipedia.org/wiki/%E0%B8%99%E0%B8%B4%E0%B8%A3%E0%B8%99%E0%B8%B2%E0%B8%A1_(%E0%B8%A7%E0%B8%87%E0%B8%94%E0%B8%99%E0%B8%95%E0%B8%A3%E0%B8%B5),นิรนาม,
https://th.wikipedia.org/wiki/%E0%B8%99%E0%B8%B4%E0%B8%A7-%E0%B8%88%E0%B8%B4%E0%B9%8B%E0%B8%A7,นิว-จิ๋ว,
,นิวสคูล (New School),New School
,นิว โอลด์ สต็อก (New Old Stock),New Old Stock
https://th.wikipedia.org/wiki/%E0%B8%99%E0%B8%B5%E0%B8%8B_(%E0%B8%A7%E0%B8%87%E0%B8%94%E0%B8%99%E0%B8%95%E0%B8%A3%E0%B8%B5),นีซ (Niece),Niece
,นีโอย้อนแยง,
https://th.wikipedia.org/wiki/%E0%B8%99%E0%B8%B5%E0%B9%82%E0%B8%AD-%E0%B9%80%E0%B8%AD%E0%B9%87%E0%B8%81%E0%B8%8B%E0%B9%8C,นีโอ-เอ็กซ์ (NEO-X),NEO-X
https://th.wikipedia.org/wiki/%E0%B8%99%E0%B8%B9%E0%B9%82%E0%B8%A7,นูโว (Nuvo,
,นูทราไลซ์ (Neutralize),Neutralize
https://th.wikipedia.org/wiki/%E0%B9%80%E0%B8%99%E0%B9%82%E0%B8%81%E0%B8%B0_%E0%B8%88%E0%B8%B1%E0%B8%A1%E0%B8%9E%E0%B9%8C,เนโกะ จัมพ์ (Neko Jump),Neko Jump
https://th.wikipedia.org/wiki/%E0%B9%80%E0%B8%99%E0%B8%B4%E0%B8%A3%E0%B9%8C%E0%B8%AA%E0%B9%80%E0%B8%8B%E0%B8%AD%E0%B8%A3%E0%B8%B5%E0%B9%88%E0%B8%8B%E0%B8%B2%E0%B8%A7%E0%B8%94%E0%B9%8C,เนิร์สเซอรี่ซาวด์ (Nursery Sound),Nursery Sound
,เนื้อกับหนัง,
,แน็พ อะ ลีน (Nap a Lean),Nap a Lean
,โนชั่น แอ้ต (notion8),notion8
https://th.wikipedia.org/wiki/%E0%B9%82%E0%B8%99%E0%B9%89%E0%B8%95-%E0%B8%95%E0%B8%B9%E0%B8%99,โน้ต-ตูน,
,โน้ต-บาส,
,โน้ต แอนด์ ฮ็อท ทู ทร็อท (Note and Hot to Trot),Note and Hot to Trot
https://th.wikipedia.org/wiki/%E0%B9%82%E0%B8%99_%E0%B8%A1%E0%B8%AD%E0%B8%A3%E0%B9%8C_%E0%B9%80%E0%B8%97%E0%B8%B5%E0%B8%A2%E0%B8%A3%E0%B9%8C,โน มอร์ เทียร์ (No More Tear),No More Tear
,โน รีฟันด์ (No Refund),No Refund
https://th.wikipedia.org/wiki/%E0%B9%82%E0%B8%99%E0%B9%82%E0%B8%A5%E0%B9%82%E0%B8%81%E0%B9%89,โนโลโก้ (Nologo),Nologo
,โน้ส แคนดี้ (Nose Candy),Nose Candy
https://th.wikipedia.org/wiki/%E0%B9%84%E0%B8%99%E0%B8%8B%E0%B9%8C_%E0%B8%97%E0%B8%B9_%E0%B8%A1%E0%B8%B5%E0%B8%97_%E0%B8%A2%E0%B8%B9,ไนซ์ ทู มีท ยู (Nice 2 Meet U),Nice 2 Meet U
https://th.wikipedia.org/wiki/%E0%B8%9A%E0%B8%A3%E0%B8%B2%E0%B9%80%E0%B8%98%E0%B8%AD%E0%B8%A3%E0%B9%8C%E0%B8%AA_(%E0%B8%A7%E0%B8%87%E0%B8%94%E0%B8%99%E0%B8%95%E0%B8%A3%E0%B8%B5),บราเธอร์ส (Brothers),Brothers
,บราวน์ ฟลายอิ้ง (Brown Flying),Brown Flying
https://th.wikipedia.org/wiki/%E0%B8%9A%E0%B8%A3%E0%B8%B1%E0%B9%88%E0%B8%99%E0%B8%94%E0%B8%B5_(%E0%B8%A7%E0%B8%87%E0%B8%94%E0%B8%99%E0%B8%95%E0%B8%A3%E0%B8%B5),บรั่นดี (Brandy),Brandy
,บรูเนทไฟว์ (Brunet 5),Brunet 5
https://th.wikipedia.org/wiki/%E0%B8%9A%E0%B8%A5%E0%B8%B9%E0%B8%94%E0%B9%87%E0%B8%AD%E0%B8%84,บลูด็อค (Blue Dock),Blue Dock
https://th.wikipedia.org/wiki/%E0%B8%9A%E0%B8%A5%E0%B8%B9%E0%B9%80%E0%B8%9A%E0%B8%AD%E0%B8%A3%E0%B9%8C%E0%B8%A3%E0%B8%B5%E0%B9%88_%E0%B8%AD%E0%B8%B2%E0%B8%A3%E0%B9%8C-%E0%B8%AA%E0%B8%A2%E0%B8%B2%E0%B8%A1,บลูเบอร์รี่ อาร์-สยาม,
,บ็อกเซอร์ (Boxer),Boxer
https://th.wikipedia.org/wiki/%E0%B8%9A%E0%B8%AD%E0%B8%94%E0%B8%B5%E0%B9%89%E0%B8%AA%E0%B9%81%E0%B8%A5%E0%B8%A1,บอดี้สแลม (Bodyslam),Bodyslam
,บอยไทย (Boy Thai),Boy Thai
https://th.wikipedia.org/wiki/%E0%B8%9A%E0%B8%AD%E0%B8%A2%E0%B8%AA%E0%B9%80%E0%B8%81%E0%B9%8A%E0%B8%B2%E0%B8%97%E0%B9%8C,บอยสเก๊าท์ (Boyscout),Boyscout
,บอลพลาสติก (Ballplastic),Ballplastic
https://th.wikipedia.org/wiki/%E0%B8%9A%E0%B8%B1%E0%B9%8A%E0%B8%81_%E0%B8%9A%E0%B8%B1%E0%B8%99%E0%B8%88%E0%B8%B5%E0%B9%89,บั๊ก บันจี้ (Bug Bunji),Bug Bunji
,บังกลาเทศ แบนด์ (Bangladesh Band),Bangladesh Band
,บัตเตอร์ คาราเมล (Butter Caramel),Butter Caramel
https://th.wikipedia.org/wiki/%E0%B8%9A%E0%B8%B1%E0%B8%95%E0%B9%80%E0%B8%95%E0%B8%AD%E0%B8%A3%E0%B9%8C%E0%B8%9F%E0%B8%A5%E0%B8%B2%E0%B8%A2_(%E0%B8%A7%E0%B8%87%E0%B8%94%E0%B8%99%E0%B8%95%E0%B8%A3%E0%B8%B5),บัตเตอร์ฟลาย (Butterfly),Butterfly
,บัตเตอร์ฟลาย เอฟเฟ็กต์ (Butterfly Effect),Butterfly Effect
,บับเบิ้ลเกิร์ลส์ (Bubble Girls),Bubble Girls
,บัวหิมะ,
,บางกอก จิ๊กกะโล่ (Bangkok Gigolo),Bangkok Gigolo
https://th.wikipedia.org/wiki/%E0%B8%9A%E0%B8%B2%E0%B8%87%E0%B8%81%E0%B8%AD%E0%B8%81_%E0%B8%8B%E0%B8%B4%E0%B8%A1%E0%B9%82%E0%B8%9F%E0%B8%99%E0%B8%B5_%E0%B8%AD%E0%B8%AD%E0%B9%80%E0%B8%84%E0%B8%AA%E0%B8%95%E0%B8%A3%E0%B8%B2,บางกอก ซิมโฟนี ออเคสตรา (Bangkok Symphony Orchestra),Bangkok Symphony Orchestra
https://th.wikipedia.org/wiki/%E0%B8%9A%E0%B8%B2%E0%B8%87%E0%B9%81%E0%B8%81%E0%B9%89%E0%B8%A7_(%E0%B8%A7%E0%B8%87%E0%B8%94%E0%B8%99%E0%B8%95%E0%B8%A3%E0%B8%B5),บางแก้ว,
,บางลำพู แบนด์ (Banglumpoo Band),Banglumpoo Band
https://th.wikipedia.org/wiki/%E0%B8%9A%E0%B8%B2%E0%B8%8B%E0%B8%B9,บาซู (Bazoo),Bazoo
,บาซูก้า (Bazooka),Bazooka
,บาย ฮาร์ท (By Heart),By Heart
,บาร์บี้ (Barbie),Barbie
https://th.wikipedia.org/wiki/%E0%B8%9A%E0%B8%B2%E0%B8%A3%E0%B8%B2%E0%B8%84%E0%B8%B9%E0%B8%94%E0%B8%B1%E0%B8%AA,บาราคูดัส (Barracudas),Barracudas
,บา-ลา-มี,
,บาสเก็ตแบนด์ (Basket Band),Basket Band
https://th.wikipedia.org/wiki/%E0%B8%9A%E0%B8%A5%E0%B8%B4%E0%B8%AA%E0%B9%82%E0%B8%8B%E0%B8%99%E0%B8%B4%E0%B8%84,บลิสโซนิค (Blissonic),Blissonic
https://th.wikipedia.org/wiki/%E0%B8%9A%E0%B8%B4%E0%B9%8A%E0%B8%81%E0%B8%81%E0%B8%B1%E0%B8%99,บิ๊กกัน (Biggun),Biggun
,บิ๊กทรี (Big 3),Big 3
,บิ๊ก บ๊อบ บีต,
,บิ๊กแบง (Big Bang),Big Bang
,บิ๊กโบ (ฺBig Beau),ฺBig Beau
,บิ๊กแอ๊ปเปิ้ล (Big Apple),Big Apple
https://th.wikipedia.org/wiki/%E0%B8%9A%E0%B8%B4%E0%B9%8A%E0%B8%81%E0%B9%81%E0%B8%AD%E0%B8%AA,บิ๊กแอส (Big Ass),Big Ass
,บิ๊กฮาร์ทิค (Bighartic),Bighartic
,บิกินี (Bikiny),Bikiny
,บิวตี้ จี (Beauty G),Beauty G
,บิสกิต (Biscuit),Biscuit
,บีน (Bean),Bean
https://th.wikipedia.org/wiki/%E0%B8%9A%E0%B8%B5-%E0%B8%A1%E0%B8%B4%E0%B8%81%E0%B8%8B%E0%B9%8C,บี-มิกซ์ (B-Mix),B-Mix
,บีคิง (B-King),B-King
https://th.wikipedia.org/wiki/%E0%B8%9A%E0%B8%B5%E0%B9%80%E0%B8%84%E0%B9%80%E0%B8%84,บีเคเค (BKK),BKK
https://th.wikipedia.org/wiki/%E0%B8%9A%E0%B8%B5%E0%B9%84%E0%B8%9F%E0%B8%A7%E0%B9%8C,บีไฟว์ (B5),B5
,บีโอ (BeeO),BeeO
https://th.wikipedia.org/wiki/%E0%B8%9A%E0%B8%B5-%E0%B9%82%E0%B8%AD-%E0%B8%A7%E0%B8%B2%E0%B8%A2,บี-โอ-วาย (B.O.Y. Blood Of Youth),B.O.Y. Blood Of Youth
https://th.wikipedia.org/wiki/%E0%B8%9A%E0%B8%B8%E0%B8%94%E0%B8%94%E0%B8%B2%E0%B9%80%E0%B8%9A%E0%B8%A5%E0%B8%AA,บุดดาเบลส (Buddha Bless),Buddha Bless
,บุดดิสต์ ฮอลิเดย์ (Buddist Holiday),Buddist Holiday
,บุปผาชน,
https://th.wikipedia.org/wiki/%E0%B8%9A%E0%B8%B9%E0%B9%82%E0%B8%94%E0%B8%81%E0%B8%B1%E0%B8%99,บูโดกัน (Budokan),Budokan
,บู แมนชั่น (Boo Mansion),Boo Mansion
,บูสท์ (Boost),Boost
,เบดรูม ออดิโอ (Bedroom Audio),Bedroom Audio
,เบทเทอร์ เวเธอร์ (Better Weather),Better Weather
,เบบี้คอร์น (Baby Corn),Baby Corn
,เบบี้ซิตเตอร์ (Babysitter),Babysitter
,เบบี้ บูลล์ (Baby Bull),Baby Bull
,เบรกฟาสต์ อิน เบด (Breakfast in Bed),Breakfast in Bed
https://th.wikipedia.org/wiki/%E0%B9%80%E0%B8%9A%E0%B8%B4%E0%B8%A3%E0%B9%8C%E0%B8%94%E0%B8%81%E0%B8%B0%E0%B8%AE%E0%B8%B2%E0%B8%A3%E0%B9%8C%E0%B8%97,เบิร์ดกะฮาร์ท,
,แบง แบง (Bang Bang),Bang Bang
,แบชเชอร์ (Basher),Basher
,แบดกายส์ (Bad Guys),Bad Guys
https://th.wikipedia.org/wiki/%E0%B9%81%E0%B8%9A%E0%B8%94%E0%B9%80%E0%B8%97%E0%B8%AA%E0%B8%95%E0%B9%8C_(%E0%B8%A7%E0%B8%87%E0%B8%94%E0%B8%99%E0%B8%95%E0%B8%A3%E0%B8%B5),แบดเทสต์ (Badtaste),Badtaste
,แบดบอย (Bad Boy),Bad Boy
,แบดซ์ (Badz),Badz
,แบมบู (Bamboo),Bamboo
,แบล็คบิวตี้ (Black Beauty),Black Beauty
https://th.wikipedia.org/wiki/%E0%B9%81%E0%B8%9A%E0%B8%A5%E0%B9%87%E0%B8%84%E0%B8%A7%E0%B8%B2%E0%B8%99%E0%B8%B4%E0%B8%A5%E0%B8%A5%E0%B8%B2,แบล็ควานิลลา (Black Vanilla),Black Vanilla
https://th.wikipedia.org/wiki/%E0%B9%81%E0%B8%9A%E0%B8%A5%E0%B9%87%E0%B8%84%E0%B9%80%E0%B8%AE%E0%B8%94,แบล็คเฮด (Blackhead),Blackhead
,แบนด์วากอน (Bandwagon),Bandwagon
https://th.wikipedia.org/wiki/%E0%B9%82%E0%B8%9A%E0%B8%81%E0%B8%B5%E0%B9%89-%E0%B8%94%E0%B8%AD%E0%B8%94%E0%B8%88%E0%B9%8C,โบกี้-ดอดจ์,
,โบโซ่ (bozo),bozo
,ประจัญบาน,
,ปลานิลเต็มบ้าน,
,ปลื้ม,
,ปะการัง,
,ปัจฉิมลิขิต,
,ปา-ท่อง-โก๋,
https://th.wikipedia.org/wiki/%E0%B8%9B%E0%B8%B2%E0%B8%99%E0%B8%B2%E0%B8%A1%E0%B8%B2_(%E0%B8%A7%E0%B8%87%E0%B8%94%E0%B8%99%E0%B8%95%E0%B8%A3%E0%B8%B5),ปานามา (Panama),Panama
,ปาร์คและแจกัน,
,ปิ๊ก-อัพ (Pick-Up),Pick-Up
,ปิ่นโต,
https://th.wikipedia.org/wiki/%E0%B8%9B%E0%B8%B8%E0%B8%A2%E0%B8%9D%E0%B9%89%E0%B8%B2%E0%B8%A2_(%E0%B8%A7%E0%B8%87%E0%B8%94%E0%B8%99%E0%B8%95%E0%B8%A3%E0%B8%B5),ปุยฝ้าย,
,เปเปอร์ แจม (Paper Jam),Paper Jam
,8 ไม้เท้า,
https://th.wikipedia.org/wiki/%E0%B9%82%E0%B8%9B%E0%B8%87%E0%B8%A5%E0%B8%B2%E0%B8%87%E0%B8%AA%E0%B8%B0%E0%B8%AD%E0%B8%AD%E0%B8%99,โปงลางสะออน,
https://th.wikipedia.org/wiki/%E0%B9%82%E0%B8%9B%E0%B9%80%E0%B8%95%E0%B9%82%E0%B8%95%E0%B9%89,โปเตโต้ (Potato),Potato
,ไปส่งกู บขส. ดู๊,
,ผู้หญิง,
,แผ่นดิน,
https://th.wikipedia.org/wiki/%E0%B8%9D%E0%B8%B1%E0%B8%99%E0%B8%94%E0%B8%B5-%E0%B8%9D%E0%B8%B1%E0%B8%99%E0%B9%80%E0%B8%94%E0%B9%88%E0%B8%99,ฝันดี-ฝันเด่น,
,พรรณนา,
https://th.wikipedia.org/wiki/%E0%B8%9E%E0%B8%A3%E0%B8%B2%E0%B8%A7,พราว,
https://th.wikipedia.org/wiki/%E0%B8%9E%E0%B8%A3%E0%B8%B4%E0%B8%81%E0%B9%84%E0%B8%97%E0%B8%A2_(%E0%B8%A7%E0%B8%87%E0%B8%94%E0%B8%99%E0%B8%95%E0%B8%A3%E0%B8%B5),พริกไทย,
,พริ้งกี้ กรูฟ (Prinky Groove),Prinky Groove
,พริตตี้ พลีส (Pretty Please),Pretty Please
,พริ้ว,
,พรีเทนเดอร์ (Pretender),Pretender
https://th.wikipedia.org/wiki/%E0%B8%9E%E0%B8%A3%E0%B8%B9,พรู (Pru),Pru
https://th.wikipedia.org/wiki/%E0%B8%9E%E0%B8%A5%E0%B8%9E%E0%B8%A3%E0%B8%A3%E0%B8%84%E0%B8%A3%E0%B8%B1%E0%B8%81%E0%B9%80%E0%B8%AD%E0%B8%A2,พลพรรครักเอย,
,พล็อต (Plot),Plot
https://th.wikipedia.org/wiki/%E0%B8%A7%E0%B8%87%E0%B8%9E%E0%B8%A5%E0%B8%AD%E0%B8%A2,วงพลอย,
,พลเอก,
,พลัสม่า (PLASMA),PLASMA
,พล่าน,
https://th.wikipedia.org/wiki/%E0%B8%9E%E0%B8%A5%E0%B8%B2%E0%B8%AA%E0%B8%95%E0%B8%B4%E0%B8%81_%E0%B8%9E%E0%B8%A5%E0%B8%B2%E0%B8%AA%E0%B8%95%E0%B8%B4%E0%B8%81,พลาสติก พลาสติก (Plastic Plastic),Plastic Plastic
,พอง พอง (Pong Pong),Pong Pong
,พ็อพชิพ (Popship),Popship
,พ็อพ แองเจิลส์ (Pop Angels),Pop Angels
,พอร์คีปเปอร์ส (Porkeepers),Porkeepers
https://th.wikipedia.org/wiki/%E0%B8%9E%E0%B8%AD%E0%B8%AA,พอส (Pause),Pause
,พัซเซิล (Puzzle),Puzzle
https://th.wikipedia.org/wiki/%E0%B8%9E%E0%B8%B2%E0%B8%A2_(%E0%B8%A7%E0%B8%87%E0%B8%94%E0%B8%99%E0%B8%95%E0%B8%A3%E0%B8%B5),พาย (Pi),Pi
https://th.wikipedia.org/wiki/%E0%B8%9E%E0%B8%B2%E0%B8%A3%E0%B9%8C%E0%B8%97%E0%B9%84%E0%B8%97%E0%B8%A1%E0%B9%8C_%E0%B8%A1%E0%B8%B4%E0%B8%A7%E0%B8%AA%E0%B8%B4%E0%B8%84%E0%B9%80%E0%B8%8A%E0%B8%B5%E0%B8%A2%E0%B8%99%E0%B8%AA%E0%B9%8C,พาร์ทไทม์ มิวสิคเชียนส์ (Part Time Musicians),Part Time Musicians
,พาราไซท์ (Parasite),Parasite
,พาราณสี ออร์เคสตรา (Varanasi Orchestra),Varanasi Orchestra
https://th.wikipedia.org/wiki/%E0%B8%9E%E0%B8%B2%E0%B8%A3%E0%B8%B2%E0%B8%94%E0%B9%87%E0%B8%AD%E0%B8%81%E0%B8%8B%E0%B9%8C,พาราด็อกซ์ (Paradox),Paradox
,พาวเวอร์แพท (Power Pat),Power Pat
https://th.wikipedia.org/wiki/%E0%B8%9E%E0%B8%B4%E0%B8%81%E0%B8%8B%E0%B8%B4%E0%B8%A5,พิกซิล (Pixyl),Pixyl
https://th.wikipedia.org/wiki/%E0%B8%9E%E0%B8%B4%E0%B8%81%E0%B9%80%E0%B8%8B%E0%B8%A5_(%E0%B8%A7%E0%B8%87%E0%B8%94%E0%B8%99%E0%B8%95%E0%B8%A3%E0%B8%B5),พิกเซล (Pixel),Pixel
https://th.wikipedia.org/wiki/%E0%B8%9E%E0%B8%B4%E0%B8%87%E0%B8%84%E0%B9%8C%E0%B9%81%E0%B8%9E%E0%B8%99%E0%B9%80%E0%B8%95%E0%B8%AD%E0%B8%A3%E0%B9%8C_(%E0%B8%A7%E0%B8%87%E0%B8%94%E0%B8%99%E0%B8%95%E0%B8%A3%E0%B8%B5%E0%B9%84%E0%B8%97%E0%B8%A2),พิงค์แพนเตอร์ (Pink Panther),Pink Panther
https://th.wikipedia.org/wiki/%E0%B8%9E%E0%B8%B4%E0%B9%89%E0%B8%87%E0%B8%84%E0%B9%8C,พิ้งค์ (Pink),Pink
,พิณ,
,พิมาน,
https://th.wikipedia.org/wiki/%E0%B8%9E%E0%B8%B5%E0%B8%84,พีค (Peak),Peak
https://th.wikipedia.org/wiki/%E0%B8%9E%E0%B8%B5%E0%B8%8B%E0%B9%80%E0%B8%A1%E0%B9%80%E0%B8%81%E0%B8%AD%E0%B8%A3%E0%B9%8C,พีซเมเกอร์ (Peacemaker),Peacemaker
,พีเอมเซเว่น (PM Seven),PM Seven
,พีเอมไฟว์ (PM Five),PM Five
https://th.wikipedia.org/wiki/%E0%B8%9E%E0%B8%B5%E0%B9%82%E0%B8%AD%E0%B8%9E%E0%B8%B5,พีโอพี (P.O.P),P.O.P
https://th.wikipedia.org/wiki/%E0%B8%9E%E0%B8%B5%E0%B8%97%E0%B8%B9%E0%B8%A7%E0%B8%AD%E0%B8%A3%E0%B9%8C%E0%B8%8A%E0%B8%B4%E0%B8%9E,พีทูวอร์ชิพ (P2Warship),P2Warship
,เพชรพิณทอง,
,เพนทาแกรม (Pentagram),Pentagram
,เพนแทงเกิล (Pentangle),Pentangle
,เพรสซิเดนต์ (President),President
,เพรสเซนต์ เพอร์เฟ็กต์ (Present Perfect),Present Perfect
,เพลย์ (Play),Play
https://th.wikipedia.org/wiki/%E0%B9%80%E0%B8%9E%E0%B8%A5%E0%B8%A2%E0%B9%8C%E0%B8%81%E0%B8%A3%E0%B8%B2%E0%B8%A7%E0%B8%94%E0%B9%8C,เพลย์กราวด์ (Playground),Playground
,เพลินจิตอาเขต,
,เพอร์กาทอรี (Purgatory),Purgatory
,เพอร์เฟ็กต์ ซันเดย์ (Perfect Sunday),Perfect Sunday
,เพอร์เฟ็กต์ ร็อกสตาร์ส (Perfect Rock Stars),Perfect Rock Stars
,เพาเวอร์แบนด์ (Power Band),Power Band
,เพียว (Pure),Pure
,เพียว ฟีล (Pure Feel),Pure Feel
https://th.wikipedia.org/wiki/%E0%B9%80%E0%B8%9E%E0%B8%B7%E0%B9%88%E0%B8%AD%E0%B8%99,เพื่อน,
https://th.wikipedia.org/wiki/%E0%B9%81%E0%B8%9E%E0%B8%99%E0%B9%80%E0%B8%84%E0%B9%89%E0%B8%81_(%E0%B8%A7%E0%B8%87%E0%B8%94%E0%B8%99%E0%B8%95%E0%B8%A3%E0%B8%B5),แพนเค้ก (Pancake),Pancake
,แพนิค สตาร์ตเตอร์ (Panic Starter),Panic Starter
,แพลม (Plam),Plam
,โพสิชั่น (Position),Position
,โพลารอยด์ (Polaroid),Polaroid
https://th.wikipedia.org/wiki/%E0%B9%82%E0%B8%9E%E0%B8%A5%E0%B8%B5%E0%B9%81%E0%B8%84%E0%B8%97,โพลีแคท (Polycat),Polycat
,ไพบูลส์ (Paiblus),Paiblus
https://th.wikipedia.org/wiki/%E0%B8%9F%E0%B8%A3%E0%B8%B2%E0%B8%A2%E0%B9%80%E0%B8%94%E0%B8%A2%E0%B9%8C_(%E0%B8%A7%E0%B8%87%E0%B8%94%E0%B8%99%E0%B8%95%E0%B8%A3%E0%B8%B5),ฟรายเดย์ (Friday),Friday
,ฟริค (Frick),Frick
https://th.wikipedia.org/wiki/%E0%B8%9F%E0%B8%A3%E0%B8%B5%E0%B9%80%E0%B8%9A%E0%B8%B4%E0%B8%A3%E0%B9%8C%E0%B8%94%E0%B8%AA,ฟรีเบิร์ดส (Freebirds),Freebirds
https://th.wikipedia.org/wiki/%E0%B8%9F%E0%B8%A3%E0%B8%B5%E0%B9%80%E0%B8%9E%E0%B8%A5%E0%B8%A2%E0%B9%8C,ฟรีเพลย์ (Freeplay),Freeplay
https://th.wikipedia.org/wiki/%E0%B8%9F%E0%B8%A3%E0%B8%B8%E0%B8%95%E0%B8%95%E0%B8%B5%E0%B9%89,ฟรุตตี้ (Fruity),Fruity
https://th.wikipedia.org/wiki/%E0%B8%9F%E0%B8%A5%E0%B8%B2%E0%B8%A2,ฟลาย (Fly),Fly
https://th.wikipedia.org/wiki/%E0%B8%9F%E0%B8%A5%E0%B8%B2%E0%B8%A2%E0%B8%AD%E0%B8%B4%E0%B9%89%E0%B8%87_%E0%B8%8B%E0%B8%B9%E0%B9%82%E0%B8%A1%E0%B9%88,ฟลายอิ้ง ซูโม่ (Flying Sumo),Flying Sumo
https://th.wikipedia.org/wiki/%E0%B8%9F%E0%B8%A5%E0%B8%B1%E0%B8%A7%E0%B8%A3%E0%B9%8C,ฟลัวร์ (Flure),Flure
https://th.wikipedia.org/wiki/%E0%B8%A7%E0%B8%87%E0%B8%9F%E0%B8%AD%E0%B8%87%E0%B8%99%E0%B9%89%E0%B8%B3,ฟองน้ำ,
,ฟองสบู่,
,ฟอร์กอต ยัวร์ เคส (Forgot Your Case),Forgot Your Case
,ฟอร์เกท มี นอท (Forget Me Not),Forget Me Not
,ฟอร์เต้ (Forté),Forté
,ฟอร์แมท (Format),Format
https://th.wikipedia.org/wiki/%E0%B8%9F%E0%B8%AD%E0%B8%A3%E0%B9%8C%E0%B9%80%E0%B8%AD%E0%B8%9F%E0%B9%80%E0%B8%A7%E0%B8%AD%E0%B8%A3%E0%B9%8C,ฟอร์เอฟเวอร์ (Forever),Forever
,ฟอสซิล (Fossil),Fossil
,ฟังกี เบอร์เกอร์ (Funky Burger),Funky Burger
,ฟังค์ชัน (Funktion),Funktion
https://th.wikipedia.org/wiki/%E0%B8%9F%E0%B8%B2%E0%B9%80%E0%B8%A3%E0%B8%99%E0%B9%84%E0%B8%AE%E0%B8%98%E0%B9%8C_(%E0%B8%A7%E0%B8%87%E0%B8%94%E0%B8%99%E0%B8%95%E0%B8%A3%E0%B8%B5%E0%B9%84%E0%B8%97%E0%B8%A2),ฟาเรนไฮธ์ (Fahrenheit),Fahrenheit
,ฟ้าใหม่,
,ฟิฟ (FiF),FiF
https://th.wikipedia.org/wiki/%E0%B8%9F%E0%B8%B4%E0%B8%9F%E0%B8%97%E0%B8%B5%E0%B8%99_%E0%B8%8B%E0%B8%B5%E0%B8%99%E0%B9%80%E0%B8%99%E0%B8%AD%E0%B8%A3%E0%B8%B5%E0%B9%88,ฟิฟทีน ซีนเนอรี่ (Fifteenth Scenery),Fifteenth Scenery
https://th.wikipedia.org/wiki/%E0%B8%9F%E0%B8%B5%E0%B8%94%E0%B9%81%E0%B8%9A%E0%B8%84,ฟีดแบค (Feedback),Feedback
,ฟีนิกซ์ (Phoenix),Phoenix
,ฟีเมล ฟรุตตี้ บุลด็อก (Female Fruity Bulldog),Female Fruity Bulldog
,ฟื้น,
,ฟุตปาธ (Footpath),Footpath
,ฟูนัน,
https://th.wikipedia.org/wiki/%E0%B8%9F%E0%B8%B9%E0%B8%95%E0%B8%AD%E0%B8%87,ฟูตอง (Futon),Futon
,เฟธ (Faith),Faith
https://th.wikipedia.org/wiki/%E0%B9%80%E0%B8%9F%E0%B8%A1,เฟม (Fame),Fame
,เฟรปเป้ เมจิ (Frappe Meiji),Frappe Meiji
,เฟรม (Frame),Frame
https://th.wikipedia.org/wiki/%E0%B9%80%E0%B8%9F%E0%B8%A5%E0%B8%A1_(%E0%B8%A7%E0%B8%87%E0%B8%94%E0%B8%99%E0%B8%95%E0%B8%A3%E0%B8%B5),เฟลม (Flame),Flame
https://th.wikipedia.org/wiki/%E0%B9%80%E0%B8%9F%E0%B8%A5%E0%B9%80%E0%B8%A7%E0%B8%AD%E0%B8%A3%E0%B9%8C,เฟลเวอร์ (Flavour),Flavour
https://th.wikipedia.org/wiki/%E0%B9%80%E0%B8%9F%E0%B8%A2%E0%B9%8C_%E0%B8%9F%E0%B8%B2%E0%B8%87_%E0%B9%81%E0%B8%81%E0%B9%89%E0%B8%A7,เฟย์ ฟาง แก้ว (Faye Fang Kaew ),Faye Fang Kaew 
,เฟิสท์แก็งค์ (Firstgang),Firstgang
,แฟกต์ ยู (Fact U),Fact U
,แฟชั่นโชว์ (Fashion Show),Fashion Show
,แฟลช (Flash),Flash
,แฟรี่ เทลส์ (Fairy Tales),Fairy Tales
,โฟกัสซั่ม (4Gzm),4Gzm
,โฟโน (Fono),Fono
https://th.wikipedia.org/wiki/%E0%B9%82%E0%B8%9F%E0%B8%A3%E0%B9%8C-%E0%B8%A1%E0%B8%94,โฟร์ & มด (Four - Mod),Four - Mod
https://th.wikipedia.org/wiki/%E0%B9%82%E0%B8%9F%E0%B8%A3%E0%B9%8C%E0%B8%81%E0%B8%AD%E0%B8%95%E0%B9%80%E0%B8%97%E0%B8%99,โฟร์กอตเทน (4 Gotten),4 Gotten
,โฟร์มังกี้ซีซั่น (4 Monkey s Season),4 Monkey s Season
,ไฟท์ (Fight),Fight
,ไฟนอล คิด (Final Kid),Final Kid
,ไฟลท์ 787 (Flight 787),Flight 787
,ภราดร,
https://th.wikipedia.org/wiki/%E0%B8%A0%E0%B8%B2%E0%B8%A3%E0%B8%95%E0%B9%89%E0%B8%B2,ภารต้า (Parata),Parata
,มนต์รักโบรา โบร่า,
,มอนสเตอร์ (Monster),Monster
,มอนสเตอร์ส เซอร์คัส (Monsters Circus),Monsters Circus
,มอร์กะจาย,
,มอร์แกน,
,มอร์นิ่ง เซิร์ฟเฟอร์ส (Morning Surfers),Morning Surfers
,มอร์นิ่ง ทีชเชอร์ส (Morning Teachers),Morning Teachers
,มอร์ ฟันนิ่ง (More Funning),More Funning
,มะตูม,
,มะลิ,
https://th.wikipedia.org/wiki/%E0%B8%A1%E0%B8%B0%E0%B8%A5%E0%B8%B4%E0%B8%A5%E0%B8%B2_%E0%B8%9A%E0%B8%A3%E0%B8%B2%E0%B8%8B%E0%B8%B4%E0%B8%A5%E0%B9%80%E0%B8%A5%E0%B8%B5%E0%B9%88%E0%B8%A2%E0%B8%99,มะลิลา บราซิลเลี่ยน (Malila Brazillian),Malila Brazillian
,มักกะโรนี (Macaroni),Macaroni
,มังกี้แพนต์ส (Monky Pants),Monky Pants
,มังกี้แอ๊ค (Monky Act),Monky Act
,มังกี้ เกิร์ล (Monkey GirlZ),Monkey GirlZ
https://th.wikipedia.org/wiki/%E0%B8%A1%E0%B8%B1%E0%B8%87%E0%B8%81%E0%B8%B5%E0%B9%89_%E0%B8%AE%E0%B8%B5%E0%B9%82%E0%B8%A3%E0%B9%88,มังกี้ ฮีโร่ (Monkey Hero),Monkey Hero
,มัลฟังค์ชั่น (MALFUNKTION),MALFUNKTION
,มัวร์ (Moor),Moor
https://th.wikipedia.org/wiki/%E0%B8%A1%E0%B8%B1%E0%B8%AA%E0%B9%80%E0%B8%81%E0%B8%95%E0%B9%80%E0%B8%97%E0%B8%B5%E0%B8%A2%E0%B8%AA%E0%B9%8C,มัสเกตเทียส์ (Musketeers),Musketeers
,มัชรูม (Mushroom),Mushroom
,มาเจนต้า (Magenta),Magenta
,มาตาฮีโร่ (Matahari),Matahari
,มานะ มานี ปิติ ชูใจ,
,มาฟ (MAF),MAF
https://th.wikipedia.org/wiki/%E0%B8%A1%E0%B8%B2%E0%B8%A2%E0%B8%94%E0%B9%8C_(%E0%B8%A7%E0%B8%87%E0%B8%94%E0%B8%99%E0%B8%95%E0%B8%A3%E0%B8%B5),มายด์ (Mild),Mild
,มายา,
,มาลัย,
https://th.wikipedia.org/wiki/%E0%B8%A1%E0%B8%B2%E0%B8%A5%E0%B8%B5%E0%B8%AE%E0%B8%A7%E0%B8%99%E0%B8%99%E0%B9%88%E0%B8%B2,มาลีฮวนน่า,
,ม้าเหล็ก,
,มิติ,
,มิราคูลัส (Miraculous),Miraculous
,มิลิทารี่ (Military),Military
https://th.wikipedia.org/wiki/%E0%B8%A1%E0%B8%B4%E0%B8%AA%E0%B9%80%E0%B8%95%E0%B8%AD%E0%B8%A3%E0%B9%8C%E0%B8%97%E0%B8%B5%E0%B8%A1,มิสเตอร์ทีม (Mr.Team),Mr.Team
https://th.wikipedia.org/wiki/%E0%B8%A1%E0%B8%B4%E0%B8%AA%E0%B9%80%E0%B8%95%E0%B8%AD%E0%B8%A3%E0%B9%8C%E0%B8%8B%E0%B8%B4%E0%B8%AA%E0%B9%80%E0%B8%95%E0%B8%AD%E0%B8%A3%E0%B9%8C,มิสเตอร์ซิสเตอร์ (Mr.Sister),Mr.Sister
,มูน (Moon),Moon
,มูแลตโต (Mulatto),Mulatto
,มูเทร่า (Mutera),Mutera
,เมดูซา (Meduza),Meduza
,เมนทอลลี่ อิล (Mentally ill),Mentally ill
,เมลโรส (Malerose),Malerose
,เมอร์รี โก ราวนด์ (Merry Go Round),Merry Go Round
https://th.wikipedia.org/wiki/%E0%B9%81%E0%B8%A1%E0%B8%84%E0%B8%AD%E0%B8%B4%E0%B8%99%E0%B8%97%E0%B8%AD%E0%B8%8A_(%E0%B8%A7%E0%B8%87%E0%B8%94%E0%B8%99%E0%B8%95%E0%B8%A3%E0%B8%B5),แมคอินทอช (Macintoch),Macintoch
https://th.wikipedia.org/wiki/%E0%B9%81%E0%B8%A1%E0%B8%94_%E0%B9%81%E0%B8%9E%E0%B9%87%E0%B8%84_%E0%B8%AD%E0%B8%B4%E0%B8%97,แมด แพ็ค อิท (Mad Pack It),Mad Pack It
,แมทนิแมร์ (Mattnimare),Mattnimare
https://th.wikipedia.org/wiki/%E0%B9%82%E0%B8%A1%E0%B9%80%E0%B8%94%E0%B8%B4%E0%B8%A3%E0%B9%8C%E0%B8%99%E0%B8%94%E0%B9%87%E0%B8%AD%E0%B8%81,โมเดิร์นด็อก (Modern Dog),Modern Dog
,โมทีฟ (Motif),Motif
,โมโน (Mono),Mono
https://th.wikipedia.org/wiki/%E0%B9%82%E0%B8%A1%E0%B9%82%E0%B8%99%E0%B9%82%E0%B8%97%E0%B8%99_%E0%B8%81%E0%B8%A3%E0%B8%B8%E0%B9%8A%E0%B8%9B,โมโนโทน กรุ๊ป (Monotone Group),Monotone Group
,โมโนมาเนีย (Monomania),Monomania
,โมลา โมล่า ซันไชน์ (Mola Mola Sunshine),Mola Mola Sunshine
,ไมเกรท ทู ดิ โอเชี่ยน (Migrate to the Ocean),Migrate to the Ocean
https://th.wikipedia.org/wiki/%E0%B9%84%E0%B8%A1%E0%B9%82%E0%B8%84%E0%B8%A3_(%E0%B8%A7%E0%B8%87%E0%B8%94%E0%B8%99%E0%B8%95%E0%B8%A3%E0%B8%B5),ไมโคร (Micro),Micro
,ไมตี้ ควีน (Mighty Queen),Mighty Queen
,ไม้ไผ่,
,ไม้เมือง,
,ไมลด์ เกรน (Mild Gain),Mild Gain
,ยัง ซิง (Young Sing),Young Sing
,ย้ากส์ แล็ป (Yaak Lab),Yaak Lab
,ยิ้มกริ่ม (Yimgrimm),Yimgrimm
,ยูจีน (U-Gene),U-Gene
https://th.wikipedia.org/wiki/%E0%B8%A2%E0%B8%B9%E0%B9%80%E0%B8%AD%E0%B8%8A%E0%B8%97%E0%B8%B5_(%E0%B8%A7%E0%B8%87%E0%B8%94%E0%B8%99%E0%B8%95%E0%B8%A3%E0%B8%B5),ยูเอชที (UHT),UHT
https://th.wikipedia.org/wiki/%E0%B8%A2%E0%B8%B9%E0%B9%82%E0%B8%9F%E0%B8%A3%E0%B9%8C,ยูโฟร์ (U-4),U-4
https://th.wikipedia.org/wiki/%E0%B8%A2%E0%B8%B9%E0%B9%80%E0%B8%A3%E0%B9%80%E0%B8%8B%E0%B8%B5%E0%B8%A2,ยูเรเซีย (Eurasia),Eurasia
https://th.wikipedia.org/wiki/%E0%B8%A2%E0%B8%B9%E0%B9%80%E0%B8%A3%E0%B9%80%E0%B8%99%E0%B8%B5%E0%B8%A2%E0%B8%A1_(%E0%B8%A7%E0%B8%87%E0%B8%94%E0%B8%99%E0%B8%95%E0%B8%A3%E0%B8%B5),ยูเรเนียม (Uranium),Uranium
,ยูสด์ (Used),Used
,ยูสเลส แลนด์สเคป (Useless Landscape),Useless Landscape
,เยื้อง เจนเทิลแมน,
https://th.wikipedia.org/wiki/%E0%B9%80%E0%B8%A2%E0%B8%B7%E0%B9%88%E0%B8%AD%E0%B9%84%E0%B8%A1%E0%B9%89,เยื่อไม้,
,แย้กับบอมบ์,
https://th.wikipedia.org/wiki/%E0%B9%82%E0%B8%A2%E0%B8%84%E0%B8%B5%E0%B9%80%E0%B8%9E%E0%B8%A5%E0%B8%A2%E0%B9%8C%E0%B8%9A%E0%B8%AD%E0%B8%A2,โยคีเพลย์บอย (Yokee Playboys),Yokee Playboys
,ร่มไทร,
,รวมดาวกระจุย,
https://th.wikipedia.org/wiki/%E0%B8%A3%E0%B8%AD%E0%B8%A2%E0%B8%B1%E0%B8%A5_%E0%B8%AA%E0%B9%84%E0%B8%9B%E0%B8%A3%E0%B8%97%E0%B9%8C%E0%B8%AA,รอยัลสไปรท์ (Royal Sprite),Royal Sprite
,ร็อกเกอร์ส (Rockers),Rockers
https://th.wikipedia.org/wiki/%E0%B8%A3%E0%B9%87%E0%B8%AD%E0%B8%84%E0%B9%80%E0%B8%84%E0%B8%AA%E0%B8%95%E0%B8%A3%E0%B9%89%E0%B8%B2,ร็อกเคสตร้า (Rockesta),Rockesta
,ร็อกฟาเธอร์ (Rockfather),Rockfather
,ระบาย,
,รัน แรน รัน (Run Ran Run),Run Ran Run
,รันเวย์ (Runway),Runway
,รามสูร,
,รามา อวตาร (Rama Avatar),Rama Avatar
,ริทึมมาติก (Rhythmatique),Rhythmatique
,รีแคป (Recap),Recap
https://th.wikipedia.org/wiki/%E0%B8%A3%E0%B8%B9%E0%B8%81%E0%B8%81%E0%B8%B5%E0%B8%9A%E0%B8%B5%E0%B8%9A%E0%B8%B5,รูกกีบีบี (Rookie BB),Rookie BB
,รูฟ (Roof),Roof
https://th.wikipedia.org/wiki/%E0%B8%A3%E0%B8%B9%E0%B8%A1_39,รูม 39 (Room 39),Room 39
,รูลดาร์ก (Rule Dark),Rule Dark
,เรดคิงพาเลซ (Red King Palace),Red King Palace
,เรดทเวนตี้ (Red Twenty),Red Twenty
,เรดิโอ การ์เด้น (Radio Garden),Radio Garden
,เรดิโอนิกซ์ (Radionix),Radionix
https://th.wikipedia.org/wiki/%E0%B9%80%E0%B8%A3%E0%B9%82%E0%B8%97%E0%B8%A3%E0%B8%AA%E0%B9%80%E0%B8%9B%E0%B8%81%E0%B8%95%E0%B9%8C,เรโทรสเปกต์ (Retrospect),Retrospect
https://th.wikipedia.org/wiki/%E0%B9%80%E0%B8%A3%E0%B8%99%E0%B9%82%E0%B8%9A%E0%B8%A7%E0%B9%8C_(%E0%B8%A7%E0%B8%87%E0%B8%94%E0%B8%99%E0%B8%95%E0%B8%A3%E0%B8%B5%E0%B9%84%E0%B8%97%E0%B8%A2),เรนโบว์ (Rainbow),Rainbow
,เราระบาย (Lullaby),Lullaby
,แรคคูนส์ พาร์ตี้ (Raccoon's Party),Raccoon's Party
,แรมเพจ (Rampage),Rampage
https://th.wikipedia.org/wiki/%E0%B9%81%E0%B8%A3%E0%B9%87%E0%B8%9E%E0%B9%80%E0%B8%95%E0%B8%AD%E0%B8%A3%E0%B9%8C,แร็พเตอร์ (Raptor),Raptor
,แร็ปบิทดอลส์ (Rapbit Dolls),Rapbit Dolls
,โรงงานผลิตเต้าเจี้ยว,
,โรเมอร์ (Romer),Romer
,โรแมนติก (Romantic),Romantic
https://th.wikipedia.org/wiki/%E0%B9%84%E0%B8%A3%E0%B8%97%E0%B8%B2%E0%B8%A5%E0%B8%B4%E0%B8%99,ไรทาลิน (Ritallin),Ritallin
,ลอลลี่ป๊อป (Lolly Pop),Lolly Pop
,ละมุน,
https://th.wikipedia.org/wiki/%E0%B8%A5%E0%B8%B0%E0%B8%AD%E0%B8%AD%E0%B8%87%E0%B8%9F%E0%B8%AD%E0%B8%87,ละอองฟอง (La-Ong-Fong),La-Ong-Fong
https://th.wikipedia.org/wiki/%E0%B8%A5%E0%B8%B0%E0%B8%AD%E0%B9%88%E0%B8%AD%E0%B8%99,ละอ่อน,
,ลันตา,
,ลาโคนิคส์  (Laconics),Laconics
,ลา ซิสต้า (La Sista),La Sista
,ลาเซอ (Lasur),Lasur
https://th.wikipedia.org/wiki/%E0%B8%A5%E0%B8%B2%E0%B8%9A%E0%B8%B2%E0%B8%99%E0%B8%B9%E0%B8%99,ลาบานูน (Labanoon),Labanoon
,ลาฟฟิ่ง สกัลล์ (Laughing Skull),Laughing Skull
,ลาฟเฟอร์-แอมเมอร์,
,ลาวา (Lawa),Lawa
,ลำดวน,
,ลิงก์ คอร์เนอร์ (Link Corner),Link Corner
,ลิเบอร์ตี้ (Liberty),Liberty
https://th.wikipedia.org/wiki/%E0%B8%A5%E0%B8%B4%E0%B8%9B%E0%B8%95%E0%B8%B2,ลิปตา (Lipta),Lipta
https://th.wikipedia.org/wiki/%E0%B8%A5%E0%B8%B4%E0%B8%9F%E0%B8%97%E0%B9%8C-%E0%B8%AD%E0%B8%AD%E0%B8%A2,ลิฟท์ & ออย (Lift & Oil),Lift & Oil
,ลีฟวิ่ง รูม (Living Room),Living Room
,ลีโซว่า (Lesova),Lesova
,ลูกหิน,
,ลูนาทิค (Lunatic),Lunatic
,เลเซอร์ (Laser),Laser
,เลดี้คิลเลอร์ (Lady killers),Lady killers
,เล็บ,
,เลบง,
,เลเบอร์ (Labour),Labour
https://th.wikipedia.org/wiki/%E0%B9%80%E0%B8%A5%E0%B8%A1%E0%B9%88%E0%B8%AD%E0%B8%99%E0%B8%8B%E0%B8%B8%E0%B8%9B,เลม่อนซุป (Lemon Soup),Lemon Soup
,เลม่อน ป๊อป (Lemon Pop),Lemon Pop
,เลซซิ่ง (Lassing),Lassing
,เลอโดม (LEDOME),LEDOME
https://th.wikipedia.org/wiki/%E0%B9%80%E0%B8%A5%E0%B9%89%E0%B8%B2%E0%B9%82%E0%B8%A5%E0%B8%A1_(%E0%B8%A7%E0%B8%87%E0%B8%94%E0%B8%99%E0%B8%95%E0%B8%A3%E0%B8%B5),เล้าโลม,
,เลิฟ มี พลีส (Love Me Please),Love Me Please
,เลื้อยคลาน,
https://th.wikipedia.org/wiki/%E0%B9%82%E0%B8%A5%E0%B9%82%E0%B8%8B,โลโซ (Loso),Loso
,โลกเบี้ยว,
,โลนลี่ แพลเน็ต (Lonely Planet),Lonely Planet
https://th.wikipedia.org/wiki/%E0%B9%82%E0%B8%A5%E0%B9%82%E0%B8%A1%E0%B9%82%E0%B8%8B%E0%B8%99%E0%B8%B4%E0%B8%81,โลโมโซนิก (Lomosonic),Lomosonic
,โลลิต้า (Lolita),Lolita
,วงกลม,
,วอลรัส (Walrus),Walrus
https://th.wikipedia.org/wiki/%E0%B8%A7%E0%B8%B1%E0%B8%8A%E0%B8%A3%E0%B8%B2%E0%B8%A7%E0%B8%A5%E0%B8%B5,วัชราวลี,
,วันเดอร์เกย์ (Wonder Gay),Wonder Gay
,วันเดอเรอร์ส (Wanderers),Wanderers
,วัน ทู ทรี โซล (1 2 3 Soul),1 2 3 Soul
,วาเคชั่น (Vacation),Vacation
https://th.wikipedia.org/wiki/%E0%B8%A7%E0%B8%B2%E0%B8%A2_%E0%B8%99%E0%B9%87%E0%B8%AD%E0%B8%95_%E0%B9%80%E0%B8%8B%E0%B9%80%E0%B8%A7%E0%B9%88%E0%B8%99,วาย น็อต เซเว่น (Y Not 7),Y Not 7
,วาร์เปเปอร์ (Warpaper),Warpaper
,วาสนา,
,วาสุชา,
,วิธยูแอทโฮม (withyouathome),withyouathome
,วิบัติ ชน (Wibutchon),Wibutchon
,วิปลาส,
,วิวาเช่ (Vivace),Vivace
,วิวิด (Vivid),Vivid
,วิเศษนิยม,
,วีนัส (Venus),Venus
https://th.wikipedia.org/wiki/%E0%B8%A7%E0%B8%B5%E0%B8%99%E0%B8%B1%E0%B8%AA_%E0%B8%9A%E0%B8%B1%E0%B8%95%E0%B9%80%E0%B8%95%E0%B8%AD%E0%B8%A3%E0%B9%8C%E0%B8%9F%E0%B8%A5%E0%B8%B2%E0%B8%A2,วีนัส บัตเตอร์ฟลาย (Venus Butterfly),Venus Butterfly
https://th.wikipedia.org/wiki/%E0%B8%A7%E0%B8%B5%E0%B8%99%E0%B8%B1%E0%B8%AA_%E0%B8%9F%E0%B8%A5%E0%B8%B2%E0%B8%A2%E0%B9%81%E0%B8%97%E0%B8%A3%E0%B9%87%E0%B8%9A_(%E0%B8%A7%E0%B8%87%E0%B8%94%E0%B8%99%E0%B8%95%E0%B8%A3%E0%B8%B5),วีนัส ฟลายแทร็บ (Venus Flytrap),Venus Flytrap
https://th.wikipedia.org/wiki/%E0%B8%A7%E0%B8%B5%E0%B8%A7%E0%B8%B5%E0%B9%88%E0%B9%82%E0%B8%84,วีวี่โค (ViviCo),ViviCo
,วีไอพี (VIP),VIP
https://th.wikipedia.org/wiki/%E0%B8%A7%E0%B8%B9%E0%B8%A5%E0%B9%8C%E0%B8%9F%E0%B9%81%E0%B8%9E%E0%B9%87%E0%B8%84,วูล์ฟแพ็ค (Wolf Pack),Wolf Pack
,เวค อัพ เออร์ลี่ (Wake up Early),Wake up Early
,เวตาล่า (Vetala),Vetala
,เวย์ สเตชัน (Way Station),Way Station
,แวน ฮาร์แมน (Van Harman),Van Harman
,ศรีราชา ร็อกเกอร์ส (Srirajah Rockers),Srirajah Rockers
,ศาลา,
,ศิลา,
,ศูนย์ศูนย์หนึ่ง,
,สกั๊งค์ (Skunk),Skunk
,สกาเบอร์รี่ (Skaberry),Skaberry
https://th.wikipedia.org/wiki/%E0%B8%AA%E0%B8%81%E0%B8%B2%E0%B9%81%E0%B8%A5%E0%B9%87%E0%B8%81%E0%B8%8B%E0%B8%B5%E0%B9%88,สกาแล็กซี่ (Skalaxy),Skalaxy
,สกายคิ๊กเรนเจอร์ (Skykick Ranger),Skykick Ranger
,สกายแบนด์ (Sky Band),Sky Band
,สกายพาส (Sky Pass),Sky Pass
https://th.wikipedia.org/wiki/%E0%B8%AA%E0%B8%81%E0%B8%B9%E0%B8%9A%E0%B8%B2,สกูบา (Skooba),Skooba
,สก็อต จั้มป์ (Scotch jamp),Scotch jamp
https://th.wikipedia.org/wiki/%E0%B8%AA%E0%B8%84%E0%B8%A3%E0%B8%B1%E0%B8%9A%E0%B8%9A,สครับบ (Scrubb),Scrubb
https://th.wikipedia.org/wiki/%E0%B8%AA%E0%B8%84%E0%B8%A7%E0%B8%B5%E0%B8%8B%E0%B9%81%E0%B8%AD%E0%B8%99%E0%B8%B4%E0%B8%A1%E0%B8%AD%E0%B8%A5,สควีซแอนิมอล (Sqweez Animal),Sqweez Animal
,สคัม (Scum),Scum
,สคิปปิท (Skipit),Skipit
https://th.wikipedia.org/wiki/%E0%B8%AA%E0%B8%84%E0%B8%B9%E0%B8%A5%E0%B9%80%E0%B8%81%E0%B8%B4%E0%B8%A3%E0%B9%8C%E0%B8%A5%E0%B9%80%E0%B8%A1%E0%B8%A1%E0%B9%82%E0%B8%A1%E0%B8%A3%E0%B8%B5%E0%B9%88,สคูลเกิร์ลเมมโมรี่ (School Girl Memory),School Girl Memory
https://th.wikipedia.org/wiki/%E0%B8%AA%E0%B8%95%E0%B8%A3%E0%B8%B5%E0%B8%97%E0%B8%9F%E0%B8%B1%E0%B8%87%E0%B8%81%E0%B9%8C%E0%B9%82%E0%B8%A3%E0%B8%A5%E0%B9%80%E0%B8%A5%E0%B8%AD%E0%B8%A3%E0%B9%8C%E0%B8%AA,สตรีทฟังก์โรลเลอร์ส (Street Funk Rollers),Street Funk Rollers
,สตอรีไลน์ (Storyline),Storyline
https://th.wikipedia.org/wiki/%E0%B8%AA%E0%B8%95%E0%B8%B4%E0%B8%A7%E0%B9%80%E0%B8%94%E0%B8%99%E0%B8%95%E0%B9%8C%E0%B8%AD%E0%B8%B1%E0%B9%8A%E0%B8%81%E0%B8%A5%E0%B8%B5%E0%B9%88,สติวเดนต์อั๊กลี่ (Student Ugly),Student Ugly
,สตูดิโอโตโม (Ztudiotomo),Ztudiotomo
,สตูนดิโอ (Stoondio),Stoondio
,สเตทเอ็กซ์เพรส (State Express),State Express
,สเตป วัน (Step One),Step One
https://th.wikipedia.org/wiki/%E0%B8%AA%E0%B9%80%E0%B8%95%E0%B8%AD%E0%B8%A3%E0%B9%8C,สเตอร์ (Ster),Ster
,สโตนโซล (Stone Soul),Stone Soul
,สไตรเกอร์ส (Strikerz),Strikerz
,สไตรีนจังเกิล (Styrene Jungle),Styrene Jungle
https://th.wikipedia.org/wiki/%E0%B8%AA%E0%B9%84%E0%B8%95%E0%B8%A5%E0%B8%B4%E0%B8%8A_%E0%B8%99%E0%B8%AD%E0%B8%99%E0%B9%80%E0%B8%8B%E0%B9%87%E0%B8%99%E0%B8%AA%E0%B9%8C,สไตลิช นอนเซ็นส์ (Stylish Nonsense),Stylish Nonsense
,สเนล (Snail),Snail
,สโนว์บอลล์ (Znowball),Znowball
,สปัญ (Span),Span
,สปาย (Spy),Spy
,สปินนาเคิล (Spinnacle),Spinnacle
,สปิน เฮด (Spin Head),Spin Head
,สปูนฟูลซ์ (Spoonfulz),Spoonfulz
,สฟิงซ์ (Sphinx),Sphinx
,สมเกียรติ,
,สมรม แบนด์,
https://th.wikipedia.org/wiki/%E0%B8%AA%E0%B8%A1%E0%B8%B4%E0%B8%98%E0%B9%81%E0%B8%AD%E0%B8%99%E0%B8%94%E0%B9%8C%E0%B9%80%E0%B8%8A%E0%B8%99,สมิธแอนด์เชน (Smith & Shane),Smith & Shane
https://th.wikipedia.org/wiki/%E0%B8%AA%E0%B9%84%E0%B8%A1%E0%B8%A5%E0%B9%8C%E0%B8%9A%E0%B8%B1%E0%B8%9F%E0%B8%9F%E0%B8%B2%E0%B9%82%E0%B8%A5%E0%B9%88,สไมล์บัฟฟาโล่ (Smile Buffalo),Smile Buffalo
https://th.wikipedia.org/wiki/%E0%B8%AA%E0%B8%A2%E0%B8%B2%E0%B8%A1_%E0%B8%8B%E0%B8%B5%E0%B9%80%E0%B8%84%E0%B8%A3%E0%B9%87%E0%B8%95_%E0%B9%80%E0%B8%8B%E0%B8%AD%E0%B8%A3%E0%B9%8C%E0%B8%A7%E0%B8%B4%E0%B8%AA,สยาม ซีเคร็ต เซอร์วิส (Siam Secret Service),Siam Secret Service
,สราญรมย์แบน,
https://th.wikipedia.org/wiki/%E0%B8%AA%E0%B8%A5%E0%B9%87%E0%B8%AD%E0%B8%95_%E0%B9%81%E0%B8%A1%E0%B8%8A%E0%B8%8A%E0%B8%B5%E0%B8%99_(%E0%B8%A7%E0%B8%87%E0%B8%94%E0%B8%99%E0%B8%95%E0%B8%A3%E0%B8%B5),สล็อต แมชชีน (Slot Machine),Slot Machine
,สลัด (Salad),Salad
,สลีปปี้งชี้ป (Sleeping Sheep),Sleeping Sheep
,สลีป-ปี้ (Sleep-Py),Sleep-Py
,สโลว์ รีเวิร์ส (Slow Reverse),Slow Reverse
,สวอน (Swan),Swan
,สวิงกิ้ง (Swinging),Swinging
https://th.wikipedia.org/wiki/%E0%B8%AA%E0%B8%A7%E0%B8%B5%E0%B8%97_%E0%B8%94%E0%B8%B5,สวีต ดี (SWEE:D),SWEE:D
https://th.wikipedia.org/wiki/%E0%B8%AA%E0%B8%A7%E0%B8%B5%E0%B8%95%E0%B8%A1%E0%B8%B1%E0%B8%A5%E0%B9%80%E0%B8%A5%E0%B9%87%E0%B8%95,สวีตมัลเล็ต (Sweet Mullet),Sweet Mullet
,สวีต แบล็ค (Sweet Black),Sweet Black
https://th.wikipedia.org/wiki/%E0%B8%AA%E0%B8%AD%E0%B8%87%E0%B8%A7%E0%B8%B1%E0%B8%A2_(%E0%B8%A7%E0%B8%87%E0%B8%94%E0%B8%99%E0%B8%95%E0%B8%A3%E0%B8%B5),สองวัย,
,สองหนุ่ม,
,2549,
,สะเดาะเคราะห์,
https://th.wikipedia.org/wiki/%E0%B8%AA%E0%B9%80%E0%B8%A5%E0%B8%AD,สเลอ (Slur),Slur
,สันขวานเรคคอร์ด,
,สันติภาพ,
,สาธร,
,สามหน่อ,
,สามโทน,
,สามบอมบ์,
,สามโลกธาตุ,
,สามศักดิ์,
,สามเสนเลเซอร์,
,สามเสนสเตชัน,
,สาวรำวง,
https://th.wikipedia.org/wiki/%E0%B8%AA%E0%B8%B2%E0%B8%A7_%E0%B8%AA%E0%B8%B2%E0%B8%A7_%E0%B8%AA%E0%B8%B2%E0%B8%A7,สาว สาว สาว,
,สิชล,
,สิงห์เหนือ-เสือใต้,
,สิงหลกะ,
,สินเจริญบราเธอร์ส,
,18 กะรัต,
https://th.wikipedia.org/wiki/%E0%B8%AA%E0%B8%B4%E0%B8%9A%E0%B8%A5%E0%B9%89%E0%B8%AD_(%E0%B8%A7%E0%B8%87%E0%B8%94%E0%B8%99%E0%B8%95%E0%B8%A3%E0%B8%B5),สิบล้อ,
,สิริ เย็นสุข (Siri Yensook),Siri Yensook
https://th.wikipedia.org/wiki/%E0%B8%AA%E0%B8%B5%E0%B9%88%E0%B9%80%E0%B8%95%E0%B9%88%E0%B8%B2%E0%B9%80%E0%B8%98%E0%B8%AD,สี่เต่าเธอ,
,๔ ยอดกุมาร,
,สีลม ดีไลท์ (Silom D.Light),Silom D.Light
,สุขุมวิท 66,
,สุเทพ แอนด์ เดอะ แซ็กส์ (Suthep and the Sax),Suthep and the Sax
https://th.wikipedia.org/wiki/%E0%B8%A7%E0%B8%87%E0%B8%94%E0%B8%99%E0%B8%95%E0%B8%A3%E0%B8%B5%E0%B8%AA%E0%B8%B8%E0%B8%99%E0%B8%97%E0%B8%A3%E0%B8%B2%E0%B8%A0%E0%B8%A3%E0%B8%93%E0%B9%8C,วงดนตรีสุนทราภรณ์,
,สุนทรี,
https://th.wikipedia.org/wiki/%E0%B8%AA%E0%B8%B8%E0%B9%80%E0%B8%A1%E0%B8%98%E0%B9%81%E0%B8%AD%E0%B8%99%E0%B8%94%E0%B9%8C%E0%B9%80%E0%B8%94%E0%B8%AD%E0%B8%B0%E0%B8%9B%E0%B8%B1%E0%B9%8B%E0%B8%87,สุเมธแอนด์เดอะปั๋ง,
,เสมอ,
,เสือโคร่ง,
,เสือน้อย,
https://th.wikipedia.org/wiki/%E0%B9%80%E0%B8%AA%E0%B8%B7%E0%B8%AD%E0%B9%83%E0%B8%AB%E0%B8%8D%E0%B9%88_(%E0%B8%A7%E0%B8%87%E0%B8%94%E0%B8%99%E0%B8%95%E0%B8%A3%E0%B8%B5),เสือใหญ่,
,เสียด,
https://th.wikipedia.org/wiki/%E0%B9%80%E0%B8%AA%E0%B8%B5%E0%B8%A2%E0%B8%87%E0%B8%AD%E0%B8%B4%E0%B8%AA%E0%B8%B2%E0%B8%99,เสียงอิสาน,
,แสตมป์ (Stamp),Stamp
,แสนแสบ ดีพาร์ตเมนต์ (Sansab Department),Sansab Department
,หนึ่ง โม่ โจ้ หวัง,
,หน่อยน้อยนอย,
,หรู (H.R.U.),H.R.U.
,หมีพูห์,
,หมีน้อย,
,หมูกระทะ 69,
,หมูสว่าน,
,หวานเย็น,
https://th.wikipedia.org/wiki/%E0%B8%AB%E0%B8%B4%E0%B8%99_%E0%B9%80%E0%B8%AB%E0%B8%A5%E0%B9%87%E0%B8%81_%E0%B9%84%E0%B8%9F,หิน เหล็ก ไฟ (Stone Metal Fire),Stone Metal Fire
,หินอ่อน,
,เหน็บ,
,เหมี่ยวเอ๋อ,
https://th.wikipedia.org/wiki/%E0%B9%84%E0%B8%AB%E0%B8%A1%E0%B9%84%E0%B8%97%E0%B8%A2_(%E0%B8%A7%E0%B8%87%E0%B8%94%E0%B8%99%E0%B8%95%E0%B8%A3%E0%B8%B5),ไหมไทย,
,อนัตตา,
https://th.wikipedia.org/wiki/%E0%B8%AD%E0%B8%9E%E0%B8%B2%E0%B8%A3%E0%B9%8C%E0%B8%95%E0%B9%80%E0%B8%A1%E0%B8%99%E0%B8%95%E0%B9%8C%E0%B8%84%E0%B8%B8%E0%B8%93%E0%B8%9B%E0%B9%89%E0%B8%B2,อพาร์ตเมนต์คุณป้า (Apartment Khunpa),Apartment Khunpa
,อภิรมย์,
,อมตะ,
,อวสานเซลส์แมน (Death of a Salesman),Death of a Salesman
,อวอร์ด (Award),Award
https://th.wikipedia.org/wiki/%E0%B8%AD%E0%B8%AD%E0%B8%81%E0%B8%B1%E0%B8%AA,ออกัส (The August Band),The August Band
https://th.wikipedia.org/wiki/%E0%B8%AD%E0%B8%AD%E0%B9%82%E0%B8%95%E0%B9%89%E0%B8%9A%E0%B8%B2%E0%B8%AB%E0%B9%8C%E0%B8%99,ออโต้บาห์น (Autobahn),Autobahn
,ออร์ฟุส (Orpheus),Orpheus
,ออล กู๊ด ธิงส์ (ALL Good Things),ALL Good Things
,ออลโมสต์ 100 (Almost 100),Almost 100
,อะคินริก (Akinlic),Akinlic
https://th.wikipedia.org/wiki/%E0%B8%AD%E0%B8%B0%E0%B9%81%E0%B8%84%E0%B9%87%E0%B8%9B%E0%B9%80%E0%B8%9B%E0%B8%A5%E0%B9%88%E0%B8%B2_%E0%B9%80%E0%B8%8B%E0%B9%80%E0%B8%A7%E0%B9%88%E0%B8%99,อะแค็ปเปล่า เซเว่น (Acappella 7),Acappella 7
https://th.wikipedia.org/wiki/%E0%B8%AD%E0%B8%B0%E0%B9%84%E0%B8%A3%E0%B8%88%E0%B9%8A%E0%B8%B0,อะไรจ๊ะ,
,อะลัม ซัมซัม,
https://th.wikipedia.org/wiki/%E0%B8%AD%E0%B8%B0%E0%B8%A5%E0%B8%B2%E0%B8%94%E0%B8%B4%E0%B8%99_(%E0%B8%A7%E0%B8%87%E0%B8%94%E0%B8%99%E0%B8%95%E0%B8%A3%E0%B8%B5),อะลาดิน (Aladdin),Aladdin
,อะอา,
,อันมิดี้ (Unmidi),Unmidi
,อัลตร้า สลิม (Ultra Slim),Ultra Slim
,อัศจรรย์จักรวาล (Assajan Jakgawan),Assajan Jakgawan
https://th.wikipedia.org/wiki/%E0%B8%AD%E0%B8%B1%E0%B8%AA%E0%B8%99%E0%B8%B5-%E0%B8%A7%E0%B8%AA%E0%B8%B1%E0%B8%99%E0%B8%95%E0%B9%8C,อัสนี & วสันต์,
,อาฟเตอร์นูน (Afternoon),Afternoon
,อาฟเตอร์ บลูส์มูน (After Bluesmoon),After Bluesmoon
,อามาตา,
,อาร์ทฟลอร์ (artfloor),artfloor
https://th.wikipedia.org/wiki/%E0%B8%AD%E0%B8%B2%E0%B8%A3%E0%B9%8C%E0%B8%A1%E0%B9%81%E0%B8%8A%E0%B8%A3%E0%B9%8C,อาร์มแชร์ (Armchair),Armchair
,อาร์สยาม คอรัส (R-Siam Chorus),R-Siam Chorus
,อาร์-อาร์ม,
,อาร์อาร์อาร์แอนด์บี (RRR&B),RRR&B
https://th.wikipedia.org/wiki/%E0%B8%AD%E0%B8%B2%E0%B8%A3%E0%B8%B1%E0%B8%81%E0%B8%A9%E0%B9%8C_%E0%B8%AD%E0%B8%A1%E0%B8%A3%E0%B8%A8%E0%B8%B8%E0%B8%A0%E0%B8%A8%E0%B8%B4%E0%B8%A3%E0%B8%B4,อารักษ์ แอนด์ เดอะ ปีศาจ แบนด์,
,อ่าวอันดา,
,อิงฟ้า,
https://th.wikipedia.org/wiki/%E0%B8%AD%E0%B8%B4%E0%B8%99%E0%B8%AA%E0%B8%95%E0%B8%B4%E0%B8%87%E0%B8%95%E0%B9%8C,อินสติงต์ (Instinct),Instinct
https://th.wikipedia.org/wiki/%E0%B8%AD%E0%B8%B4%E0%B8%99%E0%B8%84%E0%B8%B2_(%E0%B8%A7%E0%B8%87%E0%B8%94%E0%B8%99%E0%B8%95%E0%B8%A3%E0%B8%B5),อินคา (Inca),Inca
,อินโดจีน,
https://th.wikipedia.org/wiki/%E0%B8%AD%E0%B8%B4%E0%B8%99%E0%B8%97%E0%B8%99%E0%B8%B4%E0%B8%A5_(%E0%B8%A7%E0%B8%87%E0%B8%94%E0%B8%99%E0%B8%95%E0%B8%A3%E0%B8%B5),อินทนิล,
,อินโทรดัคชั่น (Introduction),Introduction
https://th.wikipedia.org/wiki/%E0%B8%AD%E0%B8%B4%E0%B8%99%E0%B8%9F%E0%B8%B4%E0%B8%99%E0%B8%B4%E0%B8%95%E0%B8%B5%E0%B9%89_(%E0%B8%A7%E0%B8%87%E0%B8%94%E0%B8%99%E0%B8%95%E0%B8%A3%E0%B8%B5),อินฟินิตี้  (Infinity),Infinity
,อินเฟมัส (Infamous),Infamous
https://th.wikipedia.org/wiki/%E0%B8%AD%E0%B8%B4%E0%B8%99%E0%B9%80%E0%B8%9F%E0%B8%AD%E0%B8%A3%E0%B9%8C%E0%B9%82%E0%B8%99,อินเฟอร์โน (Inferno),Inferno
,อินสไปเรทีฟ (Inspirative),Inspirative
,อิ๊มป์ (Imp),Imp
https://th.wikipedia.org/wiki/%E0%B8%AD%E0%B8%B4%E0%B8%A5%E0%B8%AA%E0%B8%A5%E0%B8%B4%E0%B8%81,อิลสลิก (illslick),illslick
,อิเล็กทริก นีออน แลมพ์ (electric.neon.lamp),electric.neon.lamp
,อีซี่ อีซี่ (Easy Easy),Easy Easy
,อีนีมี่ (Enemy),Enemy
https://th.wikipedia.org/wiki/%E0%B8%AD%E0%B8%B5%E0%B8%97%E0%B8%B5%E0%B8%8B%E0%B8%B5,อีทีซี (ETC),ETC
,อีเทริ์นนิตี้บ็อกซ์ (Eternity-Box),Eternity-Box
,อีเทอร์เนิล ซันเซ็ท (Eternal sunseT),Eternal sunseT
https://th.wikipedia.org/wiki/%E0%B8%AD%E0%B8%B5%E0%B9%82%E0%B8%9A%E0%B8%A5%E0%B9%88%E0%B8%B2,อีโบล่า (Ebola),Ebola
,อีฟ (Eve),Eve
,อีฟ แอนด์ ดิ อดัมส์ (Eve and the Adams),Eve and the Adams
,อีโมชั่น ทาวน์ (Emotion Town),Emotion Town
,อีเลฟแฟนท์ ก๊อด (Elephant God),Elephant God
,อีเลฟเว่นอาร์ดี (11rd),11rd
https://th.wikipedia.org/wiki/%E0%B8%AD%E0%B8%B5%E0%B9%80%E0%B8%A7%E0%B8%AD%E0%B8%A3%E0%B9%8C%E0%B8%A3%E0%B8%B5%E0%B9%88,อีเวอร์รี่ (Ewery),Ewery
https://th.wikipedia.org/wiki/%E0%B8%AD%E0%B8%B5%E0%B8%AA%E0%B8%8B%E0%B8%B6%E0%B9%88%E0%B8%99,อีสซึ่น (Isn't),Isn't
,อุลตร้า ชวดซ์ (Ultra Chuadz),Ultra Chuadz
,เอ็สซีที(S.C.T),S.C.T
,เอสดีเอฟ (S. D. F),S. D. F
https://th.wikipedia.org/wiki/%E0%B9%80%E0%B8%AD%E0%B8%8A_(%E0%B8%A7%E0%B8%87%E0%B8%94%E0%B8%99%E0%B8%95%E0%B8%A3%E0%B8%B5),เอช (H),H
,เอ็กซิต (Exit),Exit
https://th.wikipedia.org/wiki/%E0%B9%80%E0%B8%AD%E0%B9%87%E0%B8%81%E0%B8%8B%E0%B9%8C%E0%B8%A7%E0%B8%B2%E0%B8%A2%E0%B9%81%E0%B8%8B%E0%B8%94,เอ็กซ์วายแซด (XYZ),XYZ
,เอกซ์แอลสเต็ป (XL Step),XL Step
https://th.wikipedia.org/wiki/%E0%B9%80%E0%B8%AD%E0%B8%81%E0%B8%8B%E0%B9%8C_%E0%B9%84%E0%B8%AD_%E0%B9%80%E0%B8%AD%E0%B8%AA,เอกซ์ ไอ เอส (X-I-S),X-I-S
,เอ็กตาซี่ (Extazy),Extazy
,เอเชีย (Asia),Asia
,เอเซียร์,
https://th.wikipedia.org/wiki/%E0%B9%80%E0%B8%AD%E0%B9%87%E0%B8%94-%E0%B8%A1%E0%B8%B2%E0%B8%A3%E0%B9%8C%E0%B8%97,เอ็ด-มาร์ท,
,เอท ฟลอร์ (8th Floor),8th Floor
https://th.wikipedia.org/wiki/%E0%B9%80%E0%B8%AD%E0%B9%87%E0%B8%99%E0%B9%82%E0%B8%94%E0%B8%A3%E0%B8%9F%E0%B8%B4%E0%B8%99,เอ็นโดรฟิน (Endorphine),Endorphine
,เอ็นไนน์ (N9),N9
,เอ็นเอ็มซี (N.M.C.),N.M.C.
,เอนี่ธิง เอลส์ (Anything Else),Anything Else
,เอ เนเจอร์ (A Nature),A Nature
https://th.wikipedia.org/wiki/%E0%B9%80%E0%B8%AD%E0%B8%9A%E0%B8%B5%E0%B8%99%E0%B8%AD%E0%B8%A3%E0%B9%8C%E0%B8%A1%E0%B8%B1%E0%B8%A5,เอบีนอร์มัล (AB Normal),AB Normal
,เอพริล ฟูลส์ เดย์ (April Fool's Day),April Fool's Day
,เอฟ บี ไอ (F.B.I.),F.B.I.
,เอ็มตี้ กลาส มีน น็อตติ้ง (Empty Glass Means Nothing),Empty Glass Means Nothing
,เอ็มพีทู (MPII),MPII
,เอ็ม โรมานซ์ (M-Romance),M-Romance
,เอมีลี่ (Emely),Emely
,เอราวัณ,
,เอรีน่า แอนด์ ดี อัฟโฟร โบรส์ (Erina and the Afro Bros),Erina and the Afro Bros
,เอโอเค (A.O.K),A.O.K
,เอลิเซ่ (Alize'),Alize'
,เอลีน-เบส,
,เอสร่า (Ezra),Ezra
,เออ,
,เอา,
,เอาท์ (Out),Out
https://th.wikipedia.org/wiki/%E0%B9%80%E0%B8%AD%E0%B8%B2%E0%B8%97%E0%B9%8C%E0%B9%84%E0%B8%8B%E0%B9%80%E0%B8%94%E0%B8%AD%E0%B8%A3%E0%B9%8C,เอาท์ไซเดอร์ (Outsider),Outsider
,เอาท์โทร (Outro),Outro
,เอียร์เบิร์นเนอร์ (Ear Burner),Ear Burner
,แองเจิล (Angel),Angel
,แองเจิล คอล (Angel Call),Angel Call
,แอซิด ทาวน์ (Acid Town),Acid Town
,แอนตี้-ออล (Anti-All),Anti-All
,แอนนาลิน (Annalynn),Annalynn
,แอทเทมพท์ (Attempt),Attempt
,แอปเปิล เกิร์ลส แบนด์ (Apple Girls Band),Apple Girls Band
,แอมฟายน์ (Am Fine),Am Fine
,แอม ไฟน์ แทงค์ยู (I'm Fine Thank You),I'm Fine Thank You
,แอเรีย 51 (Area 51),Area 51
https://th.wikipedia.org/wiki/%E0%B9%81%E0%B8%AD%E0%B8%A3%E0%B9%8C%E0%B8%9A%E0%B8%AD%E0%B8%A3%E0%B9%8C%E0%B8%99,แอร์บอร์น (Airborne),Airborne
,แอร์เฮด (Airhead),Airhead
https://th.wikipedia.org/wiki/%E0%B8%AD%E0%B9%87%E0%B8%AD%E0%B8%9A%E0%B8%9A%E0%B8%A5%E0%B8%B4%E0%B9%80%E0%B8%A7%E0%B8%B5%E0%B8%A2%E0%B8%AA,อ็อบบลิเวียส (Oblivious),Oblivious
,โอเค มอคค่า (OK Mocca),OK Mocca
https://th.wikipedia.org/wiki/%E0%B9%82%E0%B8%AD%E0%B9%82%E0%B8%8B%E0%B8%99_(%E0%B8%A7%E0%B8%87%E0%B8%94%E0%B8%99%E0%B8%95%E0%B8%A3%E0%B8%B5),โอโซน (Ozone),Ozone
,โอ๋ โมเดลลิ่ง (O Modeling),O Modeling
,โอเรียนทอล ฟังก์ (Oriental Funk),Oriental Funk
https://th.wikipedia.org/wiki/%E0%B9%82%E0%B8%AD%E0%B8%A5%E0%B8%B5%E0%B8%9F%E0%B8%AA%E0%B9%8C,โอลีฟส์ (Olives),Olives
https://th.wikipedia.org/wiki/%E0%B9%82%E0%B8%AD%E0%B9%80%E0%B8%A7%E0%B8%8A%E0%B8%B1%E0%B9%88%E0%B8%99,โอเวชั่น (Ovation),Ovation
,โอเวอร์คลอก (Over Clock),Over Clock
https://th.wikipedia.org/wiki/%E0%B9%82%E0%B8%AD%E0%B9%80%E0%B8%A7%E0%B8%AD%E0%B8%A3%E0%B9%8C%E0%B8%A1%E0%B8%B5,โอเวอร์มี (Over Me),Over Me
,โอเวอร์เฮียร์ (Overhear),Overhear
,โอ๋-แอน,
https://th.wikipedia.org/wiki/%E0%B9%82%E0%B8%AD%E0%B9%82%E0%B8%AE,โอโฮ (OHO),OHO
https://th.wikipedia.org/wiki/%E0%B9%84%E0%B8%AD-%E0%B9%81%E0%B8%8B%E0%B9%87%E0%B8%84,ไอ-แซ็ค (I-Zax),I-Zax
,ไอดี คิดส์ (I.D. Kids),I.D. Kids
https://th.wikipedia.org/wiki/%E0%B9%84%E0%B8%AD%E0%B8%99%E0%B9%89%E0%B8%B3_(%E0%B8%A7%E0%B8%87%E0%B8%94%E0%B8%99%E0%B8%95%E0%B8%A3%E0%B8%B5),ไอน้ำ,
,ไอ-เบบี้,
https://th.wikipedia.org/wiki/%E0%B9%84%E0%B8%AD%E0%B9%80%E0%B8%9F%E0%B8%A5_(%E0%B8%A7%E0%B8%87%E0%B8%94%E0%B8%99%E0%B8%95%E0%B8%A3%E0%B8%B5),ไอเฟล (Eiffel),Eiffel
,ไอเร่ (Aire),Aire
,ไอวี่ (IVY),IVY
,ไอศครีม (Ice Cream),Ice Cream
,ไอสครีม (I-Scream),I-Scream
,ไอ อิส มี (I Is Me),I Is Me
,ไอ เอ็น ดี วาย (i.n.d.y.),i.n.d.y.
,ไอโอเนียน (Ionion),Ionion
https://th.wikipedia.org/wiki/%E0%B8%AE%E0%B8%AD%E0%B8%9A%E0%B8%9A%E0%B8%B4%E0%B8%97_(%E0%B8%A7%E0%B8%87%E0%B8%94%E0%B8%99%E0%B8%95%E0%B8%A3%E0%B8%B5),ฮอบบิท (Hobbit),Hobbit
,ฮอลลี่ เบอร์รี่ (Holly Berry),Holly Berry
,ฮัม (Hum),Hum
,ฮาร์ทบีท (Heartbeat),Heartbeat
,ฮาร์โมนิก้า ซันไรส์ (Harmonica Sunrise),Harmonica Sunrise
,ฮาริกึ่ม ซาโบ้ย,
,ฮาเร็ม เบลล์ (Harem Belle),Harem Belle
,ฮาล์ฟ สปูน (Half spoon),Half spoon
,ฮิร็อคชิม่า (Hirockshima),Hirockshima
https://th.wikipedia.org/wiki/%E0%B8%AE%E0%B8%B4%E0%B8%A7%E0%B8%A1%E0%B8%B1%E0%B8%AA,ฮิวมัส (Humus),Humus
,ฮูฟส์ (Hooves),Hooves
,เฮฟวี่ มด,
,เฮฟวี่ เมาน์เทน (Heavy Mountain),Heavy Mountain
,เฮท ทู เฮด (Hate2Head),Hate2Head
,เฮโรเทคซ์ (Herotex),Herotex
,เฮเรติค แองเจลส์ (Heretic Angels),Heretic Angels
,เฮลเมท เฮดส์ (Helmet Heads),Helmet Heads
,เฮ้าส์แท็ป (Housetrap),Housetrap
,แฮรี่ เทรนด์ (Hairy trend),Hairy trend
,แฮงก์ (Hang),Hang
https://th.wikipedia.org/wiki/%E0%B9%81%E0%B8%AE%E0%B8%87%E0%B9%81%E0%B8%A1%E0%B8%99_(%E0%B8%A7%E0%B8%87%E0%B8%94%E0%B8%99%E0%B8%95%E0%B8%A3%E0%B8%B5),แฮงแมน (Hangman),Hangman
,แฮปปี้แบนด์ (Happyband),Happyband
https://th.wikipedia.org/wiki/%E0%B9%81%E0%B8%AE%E0%B8%A1%E0%B9%80%E0%B8%A1%E0%B8%AD%E0%B8%A3%E0%B9%8C,แฮมเมอร์ (Hammer),Hammer
https://th.wikipedia.org/wiki/%E0%B9%82%E0%B8%AE%E0%B8%9B,โฮป (Hope),Hope
https://th.wikipedia.org/wiki/%E0%B9%84%E0%B8%AE%E0%B9%81%E0%B8%88%E0%B9%87%E0%B8%84,ไฮแจ็ค (Hi-Jack),Hi-Jack
https://th.wikipedia.org/wiki/%E0%B9%84%E0%B8%AE%E0%B8%94%E0%B8%A3%E0%B9%89%E0%B8%B2_(%E0%B8%A7%E0%B8%87%E0%B8%94%E0%B8%99%E0%B8%95%E0%B8%A3%E0%B8%B5),ไฮดร้า (Hydra),Hydra
https://th.wikipedia.org/wiki/%E0%B9%84%E0%B8%AE%E0%B9%80%E0%B8%9B%E0%B8%AD%E0%B8%A3%E0%B9%8C,ไฮเปอร์ (Hyper),Hyper
https://th.wikipedia.org/wiki/%E0%B9%84%E0%B8%AE-%E0%B8%A3%E0%B9%87%E0%B8%AD%E0%B8%81,ไฮ-ร็อก (Hi-Rock),Hi-Rock
,ไฮโร,
